"ID","gameteSizeGene1","fusionTargetGene1","investCompetitionGene1","investParentingGene1","mpTradeoffGene1","prefGene1","traitGene1","learningGene1","gameteSizeGene2","fusionTargetGene2","investCompetitionGene2","investParentingGene2","mpTradeoffGene2","prefGene2","traitGene2","learningGene2","parentHist","meat1Hist","meat2Hist","plant1Hist","plant2Hist","reward","mID","hh","state","hhState","environment"
1,1,7.05834530932461,0.864852467011459,0.64703845145707,0.119640276303903,0.581246004250823,0.644209887426611,1,1,7.05834530932461,0.881981949760665,0.951512750079802,0.134163088785811,0.735033038727445,0.608297438698249,1,2311,51,42,45,51,595.834317915675,353,1,"parenting",2,1
2,4.36473715742653,2.43703022438873,0.289835874488577,0.767806549773755,0,0.681620900784613,0.638009500873592,1,1,7.05834530932461,0.972450324808036,0.412802192945971,0.157428458625117,0.657797766248987,0.66813044399159,1,1786,71,51,466,126,903.506814280938,20,2,"parenting",3,1
3,1,7.05834530932461,0.958786071603906,0.803392865112734,0.0227521578131295,0.670048176999104,0.696308001871317,1,4.36473715742653,2.43703022438873,0.330886759822339,0.505133346250047,0,0.740868680279906,0.615533914940169,1,1342,1004,51,63,40,1248.58186269631,243,3,"parenting",2,1
4,4.36473715742653,2.43703022438873,0.531400118518818,0.807618761212729,0.170825706531139,1,0.531313056340814,1,1,7.05834530932461,0.710656107550077,0.822088799256583,0.0484110532412222,0.693885430934632,0.689753222932999,1,2201,67,47,74,111,618.606648355237,282,4,"parenting",2,1
5,4.36473715742653,2.43703022438873,0.117800902618736,0.66080444172515,0.0892167232744925,0.799425900779207,0.741003400014771,1,4.36473715742653,2.43703022438873,0.486255130054264,0.685074588497976,0.0746113319440232,1,0.60979243975279,1,802,455,276,905,62,1054.30109173656,77,5,"parenting",2,1
7,1,7.05834530932461,0.687165113680076,0.633445705474675,0.102686450456452,0.794559775306023,0.636013572189939,1,1,7.05834530932461,0.838443329526021,0.800395190714108,0.0709787549098918,0.693368012053556,0.785472503370959,1,2279,37,55,84,45,599.811159058191,16,7,"parenting",2,1
8,1,7.05834530932461,0.658768018505335,0.533565924344068,0.0339327607726885,0.773166592227204,0.715100256479448,1,1,7.05834530932461,0.869119185846953,0.6300368528523,0,0.684510799706956,0.72806661343495,1,1825,447,47,135,46,873.206372679357,178,8,"injurySelf",2,1
9,1,7.05834530932461,0.697569429848993,0.856040702836047,0.128032242910203,0.641160855341726,0.787788772807595,1,4.36473715742653,2.43703022438873,0.115564444238534,0.564127709095294,0.01964897538207,0.605941633599986,0.755031756692253,1,162,1039,40,1196,63,1291.58681676262,428,9,"parenting",2,1
10,1,7.05834530932461,0.763991768169449,0.716546155307794,0.121773159134539,0.671598743481991,0.646157043546952,1,4.36473715742653,2.43703022438873,0.0360402892303425,0.616153341643375,0.0701679656406256,0.738989914573988,0.653641846883178,1,857,1183,104,304,52,1478.79115962106,90,10,"injurySelf",2,1
11,4.36473715742653,2.43703022438873,0.556873068652077,0.825072537218823,0.163048321207436,0.964653444744251,0.616401281861588,1,4.36473715742653,2.43703022438873,0.0813202006078582,0.722115463367409,0.0903694730411658,0.61650431821147,0.759864830022918,1,1171,66,44,1182,37,602.296581466798,355,11,"parenting",2,1
12,4.36473715742653,2.43703022438873,0.611849112754651,0.763491736366484,0,0.623323336003035,0.659780291064616,1,1,7.05834530932461,0.661302113689086,0.489038494700736,0,0.717859999841038,0.541287842840612,1,1797,87,53,433,130,881.789140376136,73,12,"successful",2,1
13,1,7.05834530932461,0.877603179521591,0.558848204131579,0.0511761997336893,0.7720214176478,0.719435263789147,1,1,7.05834530932461,0.805671677642438,0.84087700909756,0.0542499733815282,0.712987443331697,0.696913373733423,1,955,987,53,459,46,1169.51757996081,264,13,"parenting",2,1
14,4.36473715742653,2.43703022438873,0.168872408304429,0.654617771821551,0,0.70404429401512,0.645393113177501,1,1,7.05834530932461,0.64418127897255,0.856587847529044,0.03453840192319,0.704056666462704,0.683421940214717,1,651,369,575,823,82,749.422270940038,357,14,"injuryChild",1,1
15,1,7.05834530932461,0.806861549511498,0.567605371749797,0,0.78477934979128,0.745848628701324,1,4.42886595523644,2.46132167936904,0.119256394695715,0.817889448462438,0.00858926624200641,0.381584878081295,0.535908401047454,1,211,1361,43,818,67,1992.31920457305,36,15,"unsuccessful",2,1
16,4.36473715742653,2.43703022438873,0.59982796710052,0.667520216676141,0.049935299085535,0.632698834430521,0.649543264867272,1,1,7.05834530932461,0.607169507970662,0.452886197939061,0.0531594943123362,0.579190096768314,0.677011499177753,1,1185,55,35,1178,47,604.830192144202,7,7,"successful",2,1
17,4.36473715742653,2.43703022438873,0.375675705647948,0.771808544158838,0.0741099767795873,0.716069900857268,0.692288305330365,1,1,7.05834530932461,1,0.76530932308303,0.0928874840438918,0.698247935140734,0.772356211593143,1,1992,43,49,309,107,786.346267006695,386,17,"parenting",2,1
18,4.36473715742653,2.43703022438873,0.283315360705031,0.69889043574391,0,0.648843398625997,0.618879209127136,1,1,7.05834530932461,0.612334079034363,0.627301372336778,0,0.695291503199448,0.685672901175441,1,2252,115,48,40,45,604.15904570809,471,18,"parenting",2,1
19,1,7.05834530932461,0.577572124918176,0.742215229883937,0,0.7126948247553,0.721485743946421,1,4.36473715742653,2.43703022438873,0,0.659625474998331,0.0355973940163002,0.717133420983133,0.565055296614271,1,568,1075,73,725,59,1625.81943411441,295,19,"parenting",2,1
20,1,7.05834530932461,0.686357264048512,0.782533718223294,0.0361623127404196,0.699821186865088,0.557477610967421,1,1,7.05834530932461,1,0.780130662692555,0.100416192840614,0.67888155612418,0.715363748272357,1,51,1417,52,889,91,1929.44707358453,2,2,"successful",3,1
21,4.36473715742653,2.43703022438873,0.0741664969717061,0.586700848632709,0.0876448993717844,0.734819828172712,0.834137809894975,1,4.36473715742653,2.43703022438873,0.443868124294502,0.781322308224916,0,0.704351021566688,0.707171560289359,1,149,195,46,2033,77,627.372270081097,476,21,"successful",2,1
22,4.42886595523644,2.46132167936904,0.0972019285109686,0.744858065254185,0.0967825035151974,0.466264477627991,0.645123291520716,1,4.36473715742653,2.43703022438873,0.124945724508763,0.90875665593677,0.10654894420603,0.903436293112667,0.729326368426973,1,394,79,80,1876,71,853.380829367416,43,22,"parenting",2,1
23,1,7.05834530932461,0.625725032347465,0.811932271287756,0.00907022070881661,0.815015169216864,0.62812475854503,1,1,7.05834530932461,1,0.789923419858779,0.0193377487223285,0.567614651894058,0.767896308007452,1,1651,617,61,121,50,971.503483604843,88,23,"parenting",2,1
24,4.36473715742653,2.43703022438873,0.124384334526944,0.752044039121564,0.0658255666388409,0.760215494594846,0.730451579445197,1,4.36473715742653,2.43703022438873,0.669413748474061,0.84347539745483,0,0.69352448264655,0.698773837122071,1,289,423,41,1690,57,713.920695190508,281,24,"successful",2,1
25,1,7.05834530932461,0.913495516491914,0.993227351171185,0.125949087772113,0.808390608036749,0.768534163921122,1,1,7.05834530932461,0.667966659766477,0.970309802559157,0,0.818762863578795,0.503597456130389,1,653,1504,215,69,59,1471.38504377122,160,25,"successful",2,1
26,4.36473715742653,2.43703022438873,0,0.498935496316795,0,0.682509606638988,0.727403650897952,1,1,7.05834530932461,0.6408385333833,0.592875021263346,0.00465627803713901,0.623885836209128,0.820595579324586,1,1409,55,50,944,42,601.533315220358,127,26,"parenting",2,1
27,1,7.05834530932461,0.660560904616384,0.865979945887328,0.028770392373303,0.79799244812654,0.619716410009698,1,4.36473715742653,2.43703022438873,0.587444474264605,0.725555172957825,0.288873863059631,0.987913895408885,0.609129253357443,1,618,1192,43,594,53,1337.2938639402,367,27,"successful",2,1
28,1,7.05834530932461,0.956474815291452,0.865033876828067,0.0470084770134592,0.727999012426691,0.679281217411349,1,4.36473715742653,2.43703022438873,0.576967226712077,0.815679023687824,0.038398082527024,0.795611755016927,0.630767753504459,1,828,718,135,783,36,1024.31299979147,183,28,"unsuccessful",2,1
29,4.42886595523644,2.46132167936904,0.118363734478628,0.533189170635314,0,0.68076088809716,0.682406037865877,1,4.36473715742653,2.43703022438873,0.556219556425578,0.53013640667663,0,0.67605918729825,0.656157956295606,1,990,52,62,1349,47,599.237270402119,440,29,"parenting",2,1
30,4.36473715742653,2.43703022438873,0.634621777913536,0.81936193527156,0,0.601320196001997,0.76718658022972,1,1,7.05834530932461,0.802649112644437,0.618978443651541,0,0.643804915217915,0.791920847524834,1,664,93,95,1520,128,1025.77848276845,431,30,"successful",2,1
31,4.36473715742653,2.43703022438873,0.257380935028644,0.740859383657186,0,0.814583417757374,0.756285057100226,1,4.36473715742653,2.43703022438873,0.458853971203989,0.488208383538756,0,0.781408815818105,0.745803378493629,1,902,43,52,1467,36,600.794458911663,311,31,"successful",2,1
32,1,7.05834530932461,0.851902258644789,0.40915625986343,0.0833980267322022,0.605905039075591,0.689636720861377,1,4.36473715742653,2.43703022438873,0.352144162289142,0.528516406029329,0.0767419958161195,0.684462093167091,0.711727812323975,1,2238,102,52,46,62,608.310069320744,70,32,"parenting",2,1
33,1,7.05834530932461,0.652169152940878,0.534475105060032,0,0.698127052382294,0.694421368020789,1,4.36473715742653,2.43703022438873,0.549996563855879,0.661026523644839,0,1,0.640378229323831,1,213,1427,46,762,52,1992.97108652983,275,33,"unsuccessful",2,1
34,4.36473715742653,2.43703022438873,0.469696321008835,0.824139837169255,0,0.708829595176469,0.765531276912595,1,4.36473715742653,2.43703022438873,0.402626753562722,0.439794004877184,0.106303137832643,0.698261074760906,0.640482525082633,1,122,295,45,1990,48,669.191791051172,489,34,"successful",2,1
35,1,7.05834530932461,0.974494418535226,0.82850293355177,0.0195487115438695,0.681284584564948,0.671191535730703,1,4.36473715742653,2.43703022438873,0.470815250675419,0.555178764552331,0.0543407168270751,0.76591478070922,0.72913931782707,1,2125,226,54,48,47,673.455298770825,110,35,"parenting",2,1
36,4.36473715742653,2.43703022438873,0.0568298771100274,0.701535475106808,0.00135636909402873,0.720670257803248,0.69001115747476,1,1,7.05834530932461,1,0.939831390974016,0.0685794612638235,0.789302041380137,0.67930027152501,1,1782,105,69,491,53,908.954528137656,15,15,"parenting",2,1
37,1,7.05834530932461,0.872733795999643,0.849851258779563,0.0718323996034112,0.721372732494644,0.748719456875108,1,4.36473715742653,2.43703022438873,0.0283089862714399,0.824758949283287,0.0772305473771082,0.631898915036453,0.664690796163921,1,2277,78,59,37,49,600.214995905669,292,37,"parenting",2,1
38,4.36473715742653,2.43703022438873,0.130166424680744,0.815571352602623,0,0.794456496111554,0.739888207879778,1,1,7.05834530932461,0.899553994614259,0.422128761596707,0.13224265430436,0.673883607690679,0.700961503074351,1,1481,92,48,811,68,633.382656996576,206,38,"successful",2,1
39,1,7.05834530932461,0.69820755798938,0.302600732461444,0.0298509575082824,0.724171630269256,0.770594192701755,1,1,7.05834530932461,0.873381594259493,0.854483440470737,0.0761270239128419,0.705218293748984,0.747411926520713,1,138,857,83,601,821,1269.71029607964,71,39,"successful",3,1
40,4.36473715742653,2.43703022438873,0.268444773962988,0.744922643935681,0.0119027971037114,0.751244204485478,0.629055919514873,1,1,7.05834530932461,0.693771956986782,0.863192342673537,0,0.800162578638793,0.543920496939556,1,288,159,52,1911,90,740.570860383473,279,40,"successful",2,1
41,4.36473715742653,2.43703022438873,0.356039009925781,0.576970704625186,0.0774925016743626,0.728442369170879,0.695456200031129,1,1,7.05834530932461,0.713487759002533,0.18222054410032,0.122892016861403,0.684807752522187,0.752293960115123,1,2266,41,46,101,46,600.49995842263,395,41,"parenting",2,1
42,4.36473715742653,2.43703022438873,0.107598230560769,0.705023579351224,0.0787537577782699,0.90662736229695,0.752658250213658,1,4.36473715742653,2.43703022438873,0.291174461112174,0.223377215266959,0.0504140359547028,0.676560979194109,0.688534166262185,1,2314,49,49,37,51,595.496192116648,439,42,"successful",2,1
43,1,7.05834530932461,0.953869711051701,0.762971748277693,0.0288338099052163,0.723515973259419,0.694257268706375,1,4.36473715742653,2.43703022438873,0.491679573238623,0.469643336480004,0.00483169124599121,0.70958358284915,0.687606105542809,1,419,895,110,1020,56,1418.31241497595,22,22,"parenting",2,1
44,1,7.05834530932461,0.774859517387621,0.312658082153832,0,0.681498980085556,0.67828528902711,1,4.36473715742653,2.43703022438873,0.264913406218088,0.506568426812998,0.0441493431306494,0.719207392378745,0.736361328262769,1,2228,127,51,42,52,629.769509207003,384,44,"parenting",2,1
45,4.36473715742653,2.43703022438873,0.510930578543432,0.503270122424781,0,0.662039771806661,0.71948459957523,1,1,7.05834530932461,0.996050987995596,0.706059038138488,0,0.721216516335544,0.593673179174035,1,1162,47,50,1023,218,1022.4617536622,470,45,"parenting",3,1
46,1,7.05834530932461,1,0.692140806288528,0.0133002115881625,0.603138033001937,0.755250355141598,1,1,7.05834530932461,0.869253652289125,0.761135793451606,0.0928723533185548,0.737043474861177,0.64465544847211,1,248,1397,48,679,128,1698.92356921201,267,46,"unsuccessful",2,1
47,1,7.05834530932461,0.737013152103183,0.590732995809275,0.0544218275836851,0.678850300276164,0.757406737543306,1,1,7.05834530932461,1,0.606227718156562,0,0.690550483916188,0.623508669944606,1,1850,424,47,120,59,857.345848183268,319,47,"unsuccessful",2,1
48,1,7.05834530932461,0.732852226910127,0.771612742412225,0.0109618639011056,0.590024941388045,0.567665181489662,1,4.36473715742653,2.43703022438873,0.422549011123034,0.895534262336189,0,0.894745111490524,0.632638970192127,1,215,1466,49,521,249,1797.1101753605,144,48,"successful",2,1
49,4.42886595523644,2.46132167936904,0.151911204230185,0.542576358857499,0,0.693373596081511,0.688648534834677,1,4.36473715742653,2.43703022438873,0.651020681374653,0.657683722429311,0.0427226613988744,0.604404010939924,0.785457073105832,1,2099,193,52,101,55,625.038346422792,373,49,"successful",2,1
50,4.36473715742653,2.43703022438873,0.351048222178563,0.964406178000322,0.0253922038944587,0.860994594266999,0.47222314002723,1,1,7.05834530932461,0.731532678862055,0.644508880750831,0.0500323049677649,0.817328560479104,0.614141195062186,1,665,298,134,1357,46,654.724204771025,286,50,"successful",2,1
51,4.42886595523644,2.46132167936904,0.096799470633893,0.683919507850204,0.0255077861898243,0.520429253810422,0.723238717673736,1,1,7.05834530932461,0.958497721974627,0.917908593164088,0.0820653332473875,0.747324691540417,0.782108300520488,1,1014,54,78,1297,57,878.897943160978,300,51,"successful",2,1
52,1,7.05834530932461,0.617386319836401,0.605216264368232,0.0494416295395569,0.569413425770634,0.759716673403101,1,4.36473715742653,2.43703022438873,0.534588674757213,0.614640372941195,0.0392745762904226,0.753159328193101,0.662399047489859,1,675,962,59,753,51,1234.4426086405,107,52,"successful",2,1
53,4.36473715742653,2.43703022438873,0.585435488098841,0.877435483143932,0,0.580482660533189,0.732993973897567,1,1,7.05834530932461,0.997853725045271,0.643096235449837,0.00850555571745381,0.764439028701815,0.654113662866498,1,1167,53,47,1183,50,598.935590124018,54,53,"parenting",2,1
54,1,7.05834530932461,0.966030389883314,0.679383356050505,0.0792494543337083,0.6320629716944,0.705153065551683,1,4.36473715742653,2.43703022438873,0,0.810402759965701,0,0.676661742594512,0.615432802553069,1,1578,765,67,42,48,1049.20411204889,53,53,"parenting",2,1
55,4.36473715742653,2.43703022438873,0.00792397442215476,0.555869159216369,0,0.769912948675906,0.586394204476121,1,4.36473715742653,2.43703022438873,0.084678813294203,0.743739547818054,0,0.915411790916468,0.749588140176214,1,1740,99,59,271,331,697.15832774096,137,55,"parenting",2,1
56,1,7.05834530932461,0.785846875569854,0.578936374709568,0.00756132741222194,0.719522803110105,0.654906434020147,1,1,7.05834530932461,0.924176754234841,0.302254867423094,0.0818988031416145,0.653817874252095,0.702315516578412,1,1083,42,84,1246,45,598.920905627064,324,56,"successful",2,1
57,4.36473715742653,2.43703022438873,0.414639362853939,0.675744509207285,0.0484926939021828,0.683765211237838,0.73621533165654,1,4.36473715742653,2.43703022438873,0.263150028063944,0.775828156068866,0.162046907531352,0.884988537725544,0.669274560997247,1,1177,73,55,1144,51,598.293345852051,414,57,"successful",2,1
58,4.36473715742653,2.43703022438873,0.530649434597243,0.659044315675417,0.00127368008113185,0.697070325635384,0.801310650322253,1,1,7.05834530932461,0.956489815661334,0.339275333595593,0.167187874795339,0.701742217835956,0.666872960559515,1,1658,106,49,639,48,1030.34558451196,133,58,"unsuccessful",2,1
59,4.36473715742653,2.43703022438873,0.416651328479123,0.79133139488227,0.0838332391002103,0.770420593064093,0.673456380472451,1,1,7.05834530932461,0.99121410618488,0.878280579225465,0.0944704357335855,0.681400766645149,0.677213763961325,1,183,1442,101,556,218,1095.08223658745,143,59,"successful",2,1
60,1,7.05834530932461,0.60105138943436,0.761802589560184,0.183428581137985,0.742033446852655,0.721418458537759,1,4.36473715742653,2.43703022438873,0.402063094212346,0.682059932380466,0.0528095108643492,0.561672578229725,0.614358093170924,1,2190,92,46,117,55,608.001836329941,111,60,"parenting",2,1
61,1,7.05834530932461,0.763915700232651,0.886674406506488,0.0700036026905443,0.704667254311977,0.624609606331539,1,1,7.05834530932461,0.712588248721293,0.669253826499163,0.021355428195287,0.646712030441913,0.564084731568654,1,1568,540,38,314,40,876.444070135775,474,61,"parenting",2,1
62,1,7.05834530932461,0.667945696837593,0.685224693422522,0,0.708607231332204,0.530323036421416,1,1,7.05834530932461,0.9469468469391,0.716610050091295,0.0569367476048175,0.734878497659079,0.746929585363043,1,536,1121,48,753,42,1340.00761254261,164,62,"successful",2,1
63,4.36473715742653,2.43703022438873,0.184828999636457,0.679078093060356,0.00220879582690746,0.636207511913509,0.690290634614437,1,1,7.05834530932461,0.924113967335191,0.62437006278818,0,0.678574032525864,0.690684620115207,1,2265,79,42,67,47,602.455741088882,262,63,"parenting",2,1
64,4.36473715742653,2.43703022438873,0.368299740205095,0.80626336336519,0.000706576824628418,0.573425395796408,0.724113863886672,1,1,7.05834530932461,0.704690273799739,0.789988461588664,0.00758903477325514,0.642981958718127,0.638719274580856,1,747,776,57,873,47,850.347999313252,229,64,"successful",2,1
65,4.42886595523644,2.46132167936904,0.0940490848779848,0.810209483627379,0.0561855696610096,0.519328582786703,0.677494122834588,1,4.36473715742653,2.43703022438873,0.457124298497681,0.752995356645339,0.199192512528073,0.99495801224584,0.56031185471431,1,402,91,50,1912,45,601.835589845755,131,65,"successful",2,1
66,1,7.05834530932461,0.956762172282613,0.470717492941323,0.0698243025951295,0.672560183220796,0.705909651116957,1,4.36473715742653,2.43703022438873,0.470922222152239,0.348033854310934,0.0103786506483471,0.581517620646965,0.843399392858841,1,517,1240,51,486,206,1538.70849038367,221,66,"unsuccessful",2,1
67,4.36473715742653,2.43703022438873,0.615280055774463,0.699176003606639,0.0403185896437295,0.592915026685484,0.784895203769286,1,1,7.05834530932461,1,0.670136037099585,0,0.676431119012576,0.685941473568527,1,1186,100,186,984,44,712.999538815532,351,67,"parenting",2,1
68,4.36473715742653,2.43703022438873,0.408958436017293,0.704766379534046,0.0414207838844371,0.734162033752065,0.671961482762434,1,1,7.05834530932461,0.709775682964883,0.205156402222415,0,0.657259890880012,0.844769994684334,1,539,399,40,1461,61,701.540889187737,75,68,"successful",2,1
69,1,7.05834530932461,0.963328189637429,0.718878148839737,0.0805049245154994,0.728368471007963,0.73377462108203,1,1,7.05834530932461,0.978156895306126,0.853114942421291,0,0.67366019202261,0.690267137092881,1,613,1239,79,506,63,1817.86138988677,215,69,"parenting",2,1
70,4.36473715742653,2.43703022438873,0.13142902382627,0.853626777676588,0.171770103990604,0.873501584260201,0.551583506249765,1,4.36473715742653,2.43703022438873,0.484222702664881,0.627771816368652,0,0.680463618250693,0.786850691575701,1,1150,97,53,1155,45,598.880662901302,32,32,"parenting",2,1
71,4.36473715742653,2.43703022438873,0,0.722510375381813,0.131244886693897,0.710371383329492,0.781123138251064,1,1,7.05834530932461,0.735844080441838,0.759989845038026,0.109863750693218,0.652956561908002,0.68258600286794,1,904,778,184,313,321,1084.89994852547,39,39,"unsuccessful",3,1
72,4.36473715742653,2.43703022438873,0.104524674372974,0.614270220471363,0,0.832960132516271,0.733460697895299,1,4.36473715742653,2.43703022438873,0.385848239758448,0.428974971442359,0.0929642976531454,0.833075994160934,0.796392615214568,1,1589,69,67,735,40,599.551574962722,151,72,"parenting",3,1
73,1,7.05834530932461,0.67730500880172,0.572981106275209,0,0.660315736733414,0.694071310241179,1,4.36473715742653,2.43703022438873,0.036509922827225,0.460655668896807,0.0115607574320831,0.758060091074987,0.674429581019761,1,492,1191,49,732,36,1843.76945061281,12,12,"successful",2,1
74,1,7.05834530932461,0.619779455499467,0.745143276727345,0.0608031841947747,0.57152985373409,0.776983083379918,1,1,7.05834530932461,0.72350905423,0.504393217293668,0,0.542601993763711,0.616615746133441,1,743,1090,45,576,46,1600.04867002708,98,74,"parenting",2,1
75,1,7.05834530932461,0.927949019533078,0.904104742886153,0.00115173555434783,0.64375528491934,0.751360000942686,1,4.36473715742653,2.43703022438873,0.465112059039805,0.441536492181301,0.156908209832327,0.571281904218153,0.662467098551775,1,649,814,49,938,50,1059.35465363689,68,68,"successful",2,1
76,1,7.05834530932461,0.719449804833521,0.810139199248781,0.106859972559331,0.706109802366465,0.785108419469218,1,1,7.05834530932461,0.808260766400117,0.797865445622868,0.0604403446994273,0.683706652558866,0.655794622520492,1,455,1260,57,679,49,1457.36513166798,339,76,"successful",2,1
77,1,7.05834530932461,0.931385839643419,0.463789471552303,0.00222863394354765,0.563642216152766,0.707818332384805,1,4.36473715742653,2.43703022438873,0.577998079112277,0.646058179864059,0.0378209221723722,0.906594225199258,0.700923032086315,1,493,1186,80,684,57,1520.84740899519,5,5,"parenting",2,1
78,1,7.05834530932461,0.754344975386461,0.242229651293442,0.0340147394491268,0.679149863843208,0.683566513950839,1,4.36473715742653,2.43703022438873,0.285649925196661,0.183730262424464,0,0.71190808050812,0.6450753489659,1,198,1084,51,1115,52,1290.37261144623,424,78,"injurySelf",2,1
79,4.36473715742653,2.43703022438873,0,0.721899081438597,0,0.693707411257682,0.710744912756718,1,4.36473715742653,2.43703022438873,0.431882014635696,0.531910905274423,0.169547545611525,0.660101618249893,0.64845172075883,1,1248,84,82,1041,45,861.507737467478,376,79,"parenting",3,1
80,4.36473715742653,2.43703022438873,0,0.521591777784111,0,0.664961635668148,0.615732897269324,1,1,7.05834530932461,0.766660122047315,0.245997169993425,0,0.758712815301764,0.652369811220536,1,1777,158,49,357,159,802.038710106188,167,80,"successful",3,1
81,4.36473715742653,2.43703022438873,0.224103991041407,0.826332982186902,0.0503038666607047,0.743772022439506,0.717578314911261,1,4.36473715742653,2.43703022438873,0.340281331747566,0.413725281917331,0.0398883741999283,0.773333374595103,0.680683278616478,1,1421,74,49,907,49,604.813772797694,225,81,"parenting",2,1
82,1,7.05834530932461,1,0.749479357736618,0.0116311079059558,0.560367974877378,0.678938867348102,1,1,7.05834530932461,0.686272840440464,0.745895570590813,0.0469317786235745,0.813705505499186,0.593379987239915,1,487,839,59,959,156,1088.96149810995,482,82,"successful",2,1
83,1,7.05834530932461,0.910169253174893,0.3487860731696,0.217838725971777,0.645401694302461,0.709503286859621,1,1,7.05834530932461,0.653119477670181,0.709518571739142,0.0563389264146453,0.603270106622701,0.647478909915654,1,1885,473,46,37,59,799.52347599178,388,83,"parenting",2,1
84,1,7.05834530932461,0.986087899382729,0.916135442818228,0.00562825592978504,0.753378554847672,0.829476140457849,1,1,7.05834530932461,0.852948071852147,0.713583441854763,0.0427878053233159,0.754516239219957,0.699151843741721,1,622,1516,54,258,50,1647.66572433731,85,84,"successful",2,1
85,4.36473715742653,2.43703022438873,0,0.729015171391847,0,0.693309675886744,0.680095573652686,1,1,7.05834530932461,0.640154935633327,0.721211228820437,0.0236582191338867,0.761790007035623,0.697600784328401,1,844,75,60,1483,38,600.498817072968,84,84,"successful",2,1
86,1,7.05834530932461,0.891144423755451,0.446236275444376,0.0890816611450557,0.727100010696043,0.724471516474871,1,4.36473715742653,2.43703022438873,0.303811534095921,0.822597200474119,0,0.786213697497735,0.70228295456612,1,2252,55,44,90,59,594.570416592009,207,86,"parenting",2,1
87,4.36473715742653,2.43703022438873,0.18420939822422,0.861482718258877,0.0646900337083707,0.838415784506034,0.641462641821431,1,1,7.05834530932461,0.921182307767378,0.428779258081836,0.110310598238626,0.730588688545142,0.717806818374438,1,598,45,69,946,842,482.717401095886,168,87,"parenting",2,1
88,4.36473715742653,2.43703022438873,0.420018597614315,0.7180311927685,0,0.648656197849079,0.702561756029509,1,1,7.05834530932461,0.607390494407482,0.491071503165189,0.11752421204574,0.75355327623316,0.607025451610676,1,1103,131,48,1182,36,615.456891500363,23,23,"successful",2,1
89,4.42886595523644,2.46132167936904,0.206213569634077,0.708250893929554,0.125305132683414,0.432500504149027,0.704113276645205,1,1,7.05834530932461,1,0.817426551960882,0.112796733605357,0.758192617553257,0.698540203379141,1,1065,114,43,1099,179,665.147086735664,372,89,"parenting",2,1
90,4.36473715742653,2.43703022438873,0.350591968409803,0.727860880508427,0.0578579195620468,0.641936032619393,0.594943489053656,1,1,7.05834530932461,0.948819150690564,0.520350620746741,0.182517786992218,0.571030226302806,0.675213692246305,1,1348,199,57,845,51,691.017375833955,10,10,"successful",2,1
91,1,7.05834530932461,0.991069808360626,0.904505481870145,0,0.667519213076936,0.727211732318087,1,4.36473715742653,2.43703022438873,0.107568737706342,0.793121365082075,0,0.872022295089111,0.600842269695099,1,58,1384,203,796,59,1601.55193956311,156,91,"successful",1,1
92,4.36473715742653,2.43703022438873,0.0567632929133263,0.602738574307918,0,0.780969783519819,0.831679132450416,1,4.36473715742653,2.43703022438873,0.636761529031811,0.641573088610229,0,0.698171757365189,0.749652013568771,1,347,380,99,1627,47,759.755360370425,97,92,"successful",2,1
93,4.42886595523644,2.46132167936904,0.108996895886058,0.861572772395764,0.0846334479784331,0.386597756538902,0.565054780135605,1,4.36473715742653,2.43703022438873,0.440662710202034,0.510904689434073,0.0753607849399879,0.730345374318758,0.635812403522665,1,2251,42,52,101,54,598.581940233843,149,93,"parenting",2,1
94,4.36473715742653,2.43703022438873,0.68364792343043,0.965620776057021,0,0.78398061737602,0.745023951195449,1,4.36473715742653,2.43703022438873,0.284764433322143,0.684023350376498,0,0.802902376654496,0.708789997801506,1,1088,56,65,1249,42,631.718828762114,308,94,"successful",2,1
95,4.36473715742653,2.43703022438873,0.289526316551577,0.635793668898706,0.0287033103692011,0.871575801940741,0.577630634116556,1,4.36473715742653,2.43703022438873,0.569077821119286,0.703230640789937,0.1528360005915,0.995272171137094,0.640605915673745,1,1509,121,56,763,51,605.18619202424,413,95,"successful",2,1
96,1,7.05834530932461,0.711653665756205,0.615296420562398,0.103581868480891,0.698443639237482,0.754924981027384,1,4.36473715742653,2.43703022438873,0.452294464796626,0.739991311183711,0,0.691486412189387,0.714637196526412,1,118,1305,47,867,163,1657.36842058448,186,96,"successful",3,1
97,1,7.05834530932461,1,0.663260029174872,0,0.673701883104009,0.645217268383423,1,1,7.05834530932461,0.815171359783749,0.309437789929038,0.0267191904332777,0.601373867299218,0.74454315026271,1,756,1030,52,612,50,1245.42512004754,92,92,"unsuccessful",2,1
98,4.36473715742653,2.43703022438873,0.431203334940502,0.46537123967167,0.135850568679604,0.69576738911741,0.690459821865048,1,1,7.05834530932461,0.784260609280196,0.635502404832346,0,0.735403924426642,0.692768926495946,1,216,97,47,2072,68,679.402339651267,74,74,"parenting",2,1
99,4.42886595523644,2.46132167936904,0.155999448357675,0.637416525310541,0.165482695246625,0.658870027361161,0.605379943566772,1,4.36473715742653,2.43703022438873,0.0485924886618862,0.701253976940853,0.0131984037542825,0.821689351011453,0.626143508130236,1,1175,42,49,1176,58,595.374192081376,452,99,"successful",2,1
100,1,7.05834530932461,0.855278848336788,0.744207301992313,0.0118849619726564,0.686613508122341,0.720626502530148,1,4.36473715742653,2.43703022438873,0.145368844428421,0.735015352286496,0.00771402196606068,0.839435680342424,0.695807896185684,1,557,1203,56,654,30,1380.25725964189,287,100,"unsuccessful",2,1
101,1,7.05834530932461,0.643587206253875,0.792503443793275,0.0169214550965644,0.74089248323019,0.731566877778899,1,1,7.05834530932461,0.87634197564428,0.369308989489753,0.199109837529678,0.741430735906113,0.743384907994634,1,701,1190,130,269,210,1225.69355235581,258,101,"parenting",2,1
102,1,7.05834530932461,0.642414368265972,0.698743568025849,0.0675878474907434,0.684645691633268,0.601215208565347,1,4.36473715742653,2.43703022438873,0.682964317211775,0.755723756226755,0.0741581986750482,0.647789736238057,0.679059885909466,1,237,1426,48,740,49,1861.61488834602,479,102,"successful",2,1
103,4.36473715742653,2.43703022438873,0.197016876277982,0.878620770767671,0.0731925347631082,0.906941296710756,0.635299857457015,1,1,7.05834530932461,0.641733115740582,0.751856460378256,0.11839847581641,0.654567031723524,0.768153460882648,1,44,142,43,2210,61,615.089987845281,276,103,"successful",2,1
104,1,7.05834530932461,0.807792362579077,0.666323987606656,0,0.720914785804915,0.704944606810438,1,1,7.05834530932461,0.538015111110093,0.391623209568975,0,0.569952464528825,0.67804181210104,1,516,1436,47,447,54,1634.2459444128,142,104,"injurySelf",2,1
105,4.36473715742653,2.43703022438873,0.119843602401771,0.638338690680497,0,0.622688447507992,0.759224854225847,1,4.42886595523644,2.46132167936904,0.122796579693153,0.549173652487247,0.0261512590235983,0.674239782519633,0.724534356166371,1,1173,49,55,1178,45,762.553735471327,108,105,"successful",1,1
106,1,7.05834530932461,0.668076843156113,0.737612206777299,0.0256782968203354,0.628446811461781,0.642941717213673,1,1,7.05834530932461,0.833540594569067,0.815394721782099,0.157163856911514,0.708002228957761,0.706669738149934,1,522,1079,180,668,51,1457.32733526123,166,106,"successful",2,1
107,4.36473715742653,2.43703022438873,0.613007450478071,0.603436840392665,0,0.901643318005773,0.633605873564195,1,1,7.05834530932461,0.926290159814047,0.45000095146806,0.0129991060797382,0.687054167307316,0.677672206611881,1,2304,52,38,50,56,596.296941299899,52,52,"parenting",2,1
108,1,7.05834530932461,0.731016231996582,0.623127476137185,0.0445525083778222,0.815752930989611,0.616689274816726,1,4.36473715742653,2.43703022438873,0.402278691828124,0.565186893637003,0,0.608656659603746,0.734825428469543,1,73,1351,51,974,51,1490.51454653953,105,105,"successful",1,1
109,1,7.05834530932461,0.788422618986973,0.699719774461002,0.0570545416606264,0.787643966670426,0.707135569175002,1,4.36473715742653,2.43703022438873,0.141667632732093,0.283221155210246,0.0023365388123946,0.645446174692216,0.75463945554712,1,1114,51,67,1225,43,604.200742199141,365,109,"parenting",2,1
110,4.36473715742653,2.43703022438873,0.494458298873604,0.630907596997612,0.047707435177066,0.835256593727802,0.797342954954274,1,1,7.05834530932461,1,0.690666986611356,0,0.735255482882277,0.664490566379466,1,2167,99,76,100,58,631.318311861412,35,35,"parenting",2,1
111,4.42886595523644,2.46132167936904,0.0388965895341398,0.72013388415833,0,0.43485607446478,0.561249425908605,1,1,7.05834530932461,0.772484971776265,0.670883643001434,0.0714192305945841,0.642611797767894,0.785048873123995,1,362,184,48,1855,51,619.900217811173,60,60,"successful",2,1
112,1,7.05834530932461,0.878752591186189,0.532197197785453,0.116681357349505,0.730141793101006,0.79182955047851,1,1,7.05834530932461,1,0.735176699523745,0.0192510319221474,0.634239775703618,0.634741291210184,1,303,1290,44,805,58,1671.93613172273,303,112,"unsuccessful",2,1
113,4.36473715742653,2.43703022438873,0.535933795079189,0.65795623622082,0.102931645700944,0.928710249952423,0.567574628564073,1,4.36473715742653,2.43703022438873,0.0300507336195697,0.748902145217275,0.000102077882768038,0.733822359337979,0.625032049325564,1,1950,82,59,322,87,758.630544313191,307,113,"injuryChild",2,1
114,4.42886595523644,2.46132167936904,0.163994791590427,0.665326161205257,0.0878201819491862,0.679438475598796,0.705544846477945,1,4.36473715742653,2.43703022438873,0.0759744445397381,0.601495380895708,0,0.744576630954962,0.77503280675632,1,2244,66,43,67,80,611.96113466779,409,114,"parenting",2,1
115,1,7.05834530932461,0.822313548591421,0.520935134158784,0,0.609343227855919,0.611329246543385,1,4.42886595523644,2.46132167936904,0.000339580569205522,0.5518568264588,0.055649617318418,0.629570737189731,0.705855467260024,1,361,1449,104,528,58,1801.90918752497,284,115,"unsuccessful",2,1
116,4.36473715742653,2.43703022438873,0.634710164394818,0.577843425560185,0.0408823479550783,0.660702964877237,0.732601918905451,1,1,7.05834530932461,0.870593344722531,0.820322399978201,0.201761562784851,0.777963767490531,0.755221587648428,1,744,113,39,1504,100,1081.8214778883,297,116,"injuryChild",2,1
117,1,7.05834530932461,0.657836915834664,0.843848638470109,0,0.807354709411493,0.627999496287435,1,4.36473715742653,2.43703022438873,0.523670997166112,0.654628143888034,0.11043919696053,1,0.687185811824141,1,726,1466,140,45,123,1489.48494076217,488,117,"successful",2,1
118,4.36473715742653,2.43703022438873,0.0822153226834678,0.519506976718659,0,0.790722533045156,0.683520266149741,1,1,7.05834530932461,0.938209278176616,0.687210367446925,0,0.748298938869074,0.696315725272436,1,122,49,171,2077,81,590.642969033446,326,118,"successful",2,1
119,4.36473715742653,2.43703022438873,0.445439169769668,0.565480347292503,0.121492036514598,0.771562331586441,0.699511210568599,1,1,7.05834530932461,0.72914385441168,0.259099744739008,0,0.612994109043538,0.642405139666108,1,1014,104,202,1016,164,703.872269106289,337,119,"parenting",2,1
120,4.42886595523644,2.46132167936904,0.159463791065047,0.5803436398982,0.0604771630835635,0.520360790383755,0.785988642216027,1,1,7.05834530932461,1,0.723826840325865,0.164898054481479,0.752091406402534,0.528530342419577,1,1737,54,76,593,40,1003.4919666234,135,120,"successful",2,1
121,4.36473715742653,2.43703022438873,0.246529728946011,0.77990842880053,0.0696790038913054,0.683504087034217,0.700835593167891,1,1,7.05834530932461,1,0.856742397812595,0,0.682569019556535,0.652407591124945,1,1099,124,42,1176,59,603.398258905984,203,121,"parenting",2,1
122,1,7.05834530932461,0.96490825592533,0.432763766760012,0.105310386256415,0.705067855846618,0.685043863555775,1,1,7.05834530932461,0.968349489173768,0.778974339055472,0.031992622331171,0.766046513017525,0.718134581741814,1,1940,154,52,305,49,639.359724974171,314,122,"parenting",2,1
123,4.36473715742653,2.43703022438873,0.284206960966798,0.340568863968762,0.073543987805164,0.830042113833159,0.580330007367113,1,4.36473715742653,2.43703022438873,0.27894110213372,0.579336752734052,0,0.718944154126565,0.735836181419718,1,1100,70,57,509,764,1052.2386718729,404,123,"parenting",3,1
124,4.36473715742653,2.43703022438873,0.363016147469607,0.807317594730741,0,0.744276966744848,0.674160092225592,1,1,7.05834530932461,0.604852022422932,0.68466125706128,0.0122404751378853,0.678473571934312,0.670294863511275,1,1587,102,42,662,107,1057.68751031658,360,124,"parenting",2,1
125,1,7.05834530932461,0.81732126429983,0.697450246019001,0.0709886687599227,0.697794922362321,0.797987637233573,1,1,7.05834530932461,0.675426366402524,0.550024190213815,0.0651128514035501,0.67308096537413,0.66267956957963,1,377,1560,48,485,30,1824.10578934165,450,125,"injurySelf",2,1
126,4.36473715742653,2.43703022438873,0.0480401499916548,0.689335384412563,0.0513697970258751,0.705643727807085,0.692177280435104,1,4.36473715742653,2.43703022438873,0.554229596917291,0.637380289828746,0.103963653525361,0.732729602402368,0.677226779162262,1,178,57,48,2178,39,660.972502032272,268,126,"successful",2,1
127,1,7.05834530932461,0.839959324256306,0.695248139170644,0.119632619748228,0.793099213648155,0.652537235305914,1,4.36473715742653,2.43703022438873,0.586998131123225,0.554311200818268,0.057363699952418,0.754174578402982,0.618214361350007,1,539,978,48,888,47,1219.30302513733,26,26,"unsuccessful",2,1
128,4.36473715742653,2.43703022438873,0.36326660466834,0.488713773404941,0.0293253094041999,0.666531001714438,0.746505342570394,1,1,7.05834530932461,0.813051015437965,0.309089531388512,0.0440970402533549,0.608813770342202,0.75328738242306,1,2173,102,51,127,47,604.056794237262,294,128,"parenting",2,1
129,1,7.05834530932461,0.845748795184219,0.839563886050195,0.102679707009087,0.700814323024617,0.636034930885137,1,4.36473715742653,2.43703022438873,0.338609077996859,0.608448899559853,0,0.8310487684726,0.769407031236375,1,521,1035,86,819,39,1449.97059961782,197,129,"injurySelf",2,1
130,4.36473715742653,2.43703022438873,0.285567374365681,0.779879625397107,0.0775715127708275,0.784319512624798,0.675831048642655,1,1,7.05834530932461,0.966162016399511,0.816297175001907,0.128784339537602,0.829683984801229,0.754499348367421,1,1456,163,58,766,57,617.438887147638,390,130,"injuryChild",2,1
131,1,7.05834530932461,0.774800532899243,0.31593907106983,0,0.661142978256674,0.70463762343575,1,4.36473715742653,2.43703022438873,0.00329771213892187,0.467021431975697,0.0094824635352125,0.782085573774333,0.667441585704773,1,587,1005,35,831,42,1229.93061923086,65,65,"parenting",2,1
132,1,7.05834530932461,0.867486603272761,0.808359530091145,0.042080240987434,0.73846562978672,0.762327360491647,1,1,7.05834530932461,0.796045424218351,0.838052119870137,0.0866779172461516,0.605504993016335,0.680898389620185,1,226,1578,53,608,35,1817.54948624578,451,132,"successful",1,1
133,1,7.05834530932461,1,0.641490106413613,0,0.527189881266705,0.800974034083046,1,4.36473715742653,2.43703022438873,0.640057354240964,0.549657433043672,0,0.626870362014076,0.548462241267143,1,426,1281,46,622,125,1854.3980790796,58,58,"parenting",2,1
134,1,7.05834530932461,0.945260894776805,0.425317144795376,0,0.701162461032541,0.702410593685417,1,4.36473715742653,2.43703022438873,0.609282848568261,0.68603450547912,0,0.893526896833835,0.698310549619633,1,2321,41,44,53,41,603.063353382778,230,134,"parenting",2,1
135,1,7.05834530932461,0.759371611940209,0.609871879987243,0,0.826712684911973,0.68805301112284,1,4.36473715742653,2.43703022438873,0.198976897801333,0.689211445978008,0.0149431369791155,0.666665345715197,0.72698404537222,1,38,1466,65,882,49,2138.48927096599,120,120,"successful",2,1
136,1,7.05834530932461,0.65271934343008,0.684324098782381,0,0.770010919918814,0.71544343876406,1,4.36473715742653,2.43703022438873,0.4452157602092,0.610021838535474,0,0.738061173286346,0.709321871091865,1,386,270,56,1746,42,687.406121171382,408,136,"unsuccessful",2,1
137,1,7.05834530932461,0.717349784056263,0.21965894600005,0.0361970660732184,0.587571067945538,0.816932565968125,1,4.36473715742653,2.43703022438873,0.399767781197806,0.686944429147298,0.0314065878511644,0.759923045053595,0.672403427661234,1,659,1071,57,657,56,1418.26084980587,55,55,"successful",2,1
138,4.36473715742653,2.43703022438873,0.477613886544338,0.778400196930719,0,0.710763544577327,0.844286432799626,1,1,7.05834530932461,0.788350577441884,0.80876768799037,0.0722938464825918,0.651294637135049,0.608387323452307,1,1182,53,44,1175,46,599.898505919891,415,138,"successful",2,1
139,4.36473715742653,2.43703022438873,0.355281685776011,0.731026108755807,0.0216933047760515,0.670413640458232,0.656311734570027,1,1,7.05834530932461,0.775911914601666,0.168464024225035,0,0.817719805910243,0.809611008897898,1,85,58,43,2245,69,594.974801902121,266,139,"successful",2,1
140,4.36473715742653,2.43703022438873,0.254595196709579,0.697877129235461,0,0.775978803880993,0.742222289504575,1,4.36473715742653,2.43703022438873,0.519970824868152,0.423180358493479,0,0.710548339142222,0.686237404593072,1,213,68,44,2004,171,682.169521183956,359,140,"successful",2,1
141,1,7.05834530932461,0.804615292582263,0.359599509936662,0.124411977397343,0.590111205651751,0.731698656624263,1,4.42886595523644,2.46132167936904,0.185685383897871,0.620291113053763,0.0350672509050904,0.33223341005984,0.74319554895643,1,2283,63,58,51,45,600.180271763698,146,141,"parenting",2,1
142,4.36473715742653,2.43703022438873,0.73741535466449,0.626927145004695,0.0339700028861172,0.61517411842741,0.67208893733311,1,1,7.05834530932461,1,0.651691748888384,0,0.635449391501706,0.69229096935892,1,1164,92,42,1148,54,604.975799082854,104,104,"parenting",2,1
143,1,7.05834530932461,0.6187061086523,0.58231381130632,0.0385747715285397,0.741474987943295,0.755331133396525,1,4.36473715742653,2.43703022438873,0.376975796992972,0.578116901994037,0,0.676105708416357,0.794318030353841,1,703,48,75,1624,50,718.803662606235,59,59,"successful",2,1
144,4.36473715742653,2.43703022438873,0,0.741573894236813,0,0.718831273165463,0.630264817501985,1,1,7.05834530932461,0.882008586142958,0.949874059098052,0.151144706994663,0.675582145835298,0.821243807675447,1,1287,165,38,955,55,779.937901942647,48,48,"parenting",2,1
145,1,7.05834530932461,0.960972058252399,0.638448899301333,0,0.747771313943883,0.767305543681228,1,1,7.05834530932461,0.81028396634386,0.246746497773902,0.0354085396337118,0.687616480478203,0.720793213434945,1,2184,167,41,54,54,654.898321327253,153,145,"successful",2,1
146,4.36473715742653,2.43703022438873,0.387418728025075,0.583107709037459,0,0.71492902892307,0.648019322894515,1,1,7.05834530932461,0.736504238284151,0.352567324095249,0,0.649863425413122,0.685738279944284,1,2306,52,41,56,45,600.59144426816,141,141,"parenting",2,1
147,4.36473715742653,2.43703022438873,0.267480463389985,0.944388373107237,0.00238189279892039,0.909520486948185,0.346218308371578,1,1,7.05834530932461,0.581069746676579,0.509343460113835,0.0392498916194733,0.66841892563851,0.757160446307746,1,1655,169,50,569,57,1006.39352778381,411,147,"unsuccessful",3,1
148,4.36473715742653,2.43703022438873,0.387824081378742,0.493703576364902,0,0.776259397542984,0.740160463280332,1,4.36473715742653,2.43703022438873,0.480886502945535,0.777078395326245,0.139540378045593,1,0.669907843598185,1,1122,158,46,1128,46,622.041504735917,250,148,"parenting",2,1
149,1,7.05834530932461,0.767355536319069,0.851889838607527,0.0845825188610482,0.671606119319184,0.646136154156516,1,1,7.05834530932461,0.831156041230365,0.809992914640011,0.0879341446457088,0.659854319110363,0.761552590027604,1,2144,211,55,39,51,657.467559774446,93,93,"parenting",2,1
150,4.36473715742653,2.43703022438873,0.0110696002237798,0.598326094122029,0.0515456370416881,0.635683606459353,0.686363605607347,1,1,7.05834530932461,0.790641937544735,0.829299252617759,0.10706236558281,0.594445543668638,0.742926515897532,1,460,133,53,1802,52,862.31343253035,271,150,"successful",2,1
151,1,7.05834530932461,0.759708621047611,0.237953776642585,0.0597852824636437,0.745759080801614,0.697437266773109,1,4.36473715742653,2.43703022438873,0.364629088148652,0.705818727986042,0,0.691079312875539,0.738371760598852,1,476,1361,49,566,48,1606.15533286378,72,72,"successful",3,1
153,4.36473715742653,2.43703022438873,0.446049379067471,0.437493057295032,0.132460859865091,0.704622803769267,0.805800494832107,1,4.36473715742653,2.43703022438873,0.444977708289957,0.633830481632468,0.0450830277181831,0.739290548051378,0.737161684040231,1,2217,116,50,61,56,609.97288616878,145,145,"parenting",2,1
154,4.36473715742653,2.43703022438873,0.485468080337785,0.826182738091647,0,0.62282889495023,0.720195474377698,1,4.36473715742653,2.43703022438873,0.410847802908395,0.560223182481794,0.101554546129745,0.651375194913332,0.738421310216451,1,160,402,86,1792,60,675.325027548738,442,154,"unsuccessful",2,1
155,1,7.05834530932461,0.968365608967576,0.866675334572154,0.0123197373249367,0.721850746323573,0.634412789351811,1,4.36473715742653,2.43703022438873,0.133142672411721,0.767570977773636,0,0.700099381481063,0.679327620030034,1,704,926,75,745,50,1059.2998472882,342,155,"unsuccessful",1,1
156,4.36473715742653,2.43703022438873,0.668993853398559,0.639658102588083,0,0.943028362080333,0.66578349297751,1,1,7.05834530932461,0.630341718508597,0.549152262256871,0.055685805849188,0.704365706747263,0.682437892444667,1,1230,585,53,489,143,742.148298483587,91,91,"successful",1,1
157,4.36473715742653,2.43703022438873,0.0648479104979824,0.65032523445524,0,0.737925741384204,0.838889285058434,1,1,7.05834530932461,0.846215562245206,0.462482477131505,0.0699123658534023,0.645996846549889,0.785905036239643,1,1122,219,49,1063,47,727.979717781276,174,157,"successful",1,1
158,4.36473715742653,2.43703022438873,0.388056614606287,0.453238312228986,0,0.800715426275504,0.759647979335237,1,4.36473715742653,2.43703022438873,0.533444401724242,0.760153344188696,0.139248672068468,1,0.542700165038432,1,859,119,61,1414,47,624.859481197191,394,158,"successful",2,1
159,4.36473715742653,2.43703022438873,0.333805337494998,0.552519535127224,0.018627988113952,0.786939376176719,0.734540306469124,1,1,7.05834530932461,0.762236157168924,0.315812124357404,0.0756671321978866,0.712135506007287,0.762700768572709,1,761,472,480,446,341,638.69116439423,291,159,"injuryChild",3,1
160,4.36473715742653,2.43703022438873,0.0597013992776728,0.680551355733203,0.0437904374430172,0.71590868345224,0.772679997277706,1,4.36473715742653,2.43703022438873,0.693567175108202,0.661523991905044,0,0.694296778189293,0.643298611251243,1,838,68,52,1428,114,716.513751658516,25,25,"successful",2,1
161,1,7.05834530932461,0.595523790538921,0.718775689154839,0,0.731328702793185,0.680187288054214,1,4.36473715742653,2.43703022438873,0.323663175108803,0.476143512939451,0.0198058435325081,0.636012362914916,0.775229721683048,1,237,1187,46,983,47,1394.25518082531,162,161,"successful",3,1
162,4.36473715742653,2.43703022438873,0.184569967513339,0.560590925945847,0.0185482593689371,0.647876982285491,0.664658840745531,1,4.36473715742653,2.43703022438873,0.20224088787168,0.414412559951415,0.122591876639248,0.703682396319077,0.613081130225791,1,2235,45,52,101,67,643.97182772643,161,161,"parenting",3,1
163,1,7.05834530932461,1,0.835178597819809,0.0402482586154838,0.646160308366158,0.640091835058108,1,1,7.05834530932461,0.738897059982516,0.633089289528839,0.0588833197900484,0.763747302872368,0.73281968703549,1,576,1523,54,290,57,1660.69126401743,317,163,"parenting",1,1
164,4.36473715742653,2.43703022438873,0.529140205688001,0.691955254264726,0.155488503036315,0.901726169153024,0.597839238844729,1,4.36473715742653,2.43703022438873,0.1003931215628,0.851608904440232,0.0624615068862652,0.850565909367847,0.829291876817773,1,1157,131,41,1115,56,606.37979501271,62,62,"parenting",2,1
165,4.36473715742653,2.43703022438873,0.417914884942149,0.611266657306963,0.179266620807376,0.889528273165594,0.752624741080825,1,1,7.05834530932461,0.749298998697642,0.651033096475656,0,0.644846902013198,0.723175555163868,1,86,79,65,2229,41,603.497551155229,296,165,"successful",2,1
166,4.36473715742653,2.43703022438873,0.650721728436419,0.732132475177318,0,0.65119942733431,0.677492204992073,1,1,7.05834530932461,0.792164433342304,0.783855454189975,0.154621496733141,0.650150495555842,0.758278275442727,1,427,120,85,1821,47,873.650644485644,106,106,"successful",2,1
167,1,7.05834530932461,0.846758779529439,0.525397129404609,0.0884992776300313,0.782076191739043,0.754271750203177,1,1,7.05834530932461,0.869241896051153,0.337467148861089,0.0170171957182285,0.640030138026528,0.710161970875836,1,215,1279,42,914,50,1915.9542616075,80,80,"successful",3,1
168,1,7.05834530932461,0.602972687037282,0.784858658296629,0.048810490098516,0.630167299022243,0.725774615218256,1,4.36473715742653,2.43703022438873,0.355742489245911,0.636386381004011,0,0.687974803541005,0.689891683257892,1,400,1068,50,814,168,1446.84599103042,87,87,"parenting",2,1
169,4.36473715742653,2.43703022438873,0,0.646622531333792,0.0265358305417984,0.74871672187105,0.820956405020701,1,1,7.05834530932461,0.914419501829647,0.456681403176874,0.0957927565255243,0.678642857559324,0.714911997966961,1,891,64,51,1438,56,1214.61594425816,189,169,"successful",2,1
170,4.36473715742653,2.43703022438873,0.0944146121723535,0.857259257751448,0.00408097832598736,0.970234067391123,0.676067675732439,1,4.42886595523644,2.46132167936904,0.0966781276122374,0.808456147778278,0.0288804343592565,0.414973984711612,0.591932476678549,1,811,398,301,810,180,900.520681647088,475,170,"successful",3,1
171,4.36473715742653,2.43703022438873,0.0831212291645264,0.708043740144959,0.0713256906659756,0.705650179677186,0.675937854378085,1,4.36473715742653,2.43703022438873,0.365501676081908,0.564133938100628,0.0453292421426487,0.623512257750456,0.64301441621162,1,1742,114,56,305,283,754.516571119637,375,171,"parenting",2,1
172,4.36473715742653,2.43703022438873,0.0193470490172214,0.590947451350917,0.0459414593647553,0.72595456749915,0.756006841692294,1,1,7.05834530932461,0.88397038975696,0.791438728787826,0.0626469675268152,0.661098385818421,0.643691750608619,1,913,88,53,1389,57,596.267671953817,195,172,"successful",2,1
173,1,7.05834530932461,0.684207427906443,0.650968352251549,0.118274776303421,0.617906524660571,0.749535903748855,1,4.36473715742653,2.43703022438873,0,0.820905397656346,0,0.691271540518375,0.618816947576243,1,2318,41,47,46,48,598.781868806745,472,173,"parenting",2,1
174,1,7.05834530932461,0.943674791846827,0.821304528672419,0.138948587939892,0.642726634114485,0.67580208603337,1,4.36473715742653,2.43703022438873,0.378007488709467,0.698251604990864,0.024379879917897,0.756651079926479,0.800136674990178,1,395,1507,53,504,41,1823.11201208975,157,157,"successful",1,1
175,1,7.05834530932461,0.708980759461327,0.210301191603104,0.0179244846500717,0.72434684770035,0.783550688693217,1,1,7.05834530932461,0.864893795248393,0.581374074592173,0,0.661430928313956,0.676810311788057,1,819,1354,94,184,49,1600.8912202506,176,175,"successful",2,1
176,4.36473715742653,2.43703022438873,0,0.732389302300673,0,0.759364615697646,0.767195761199201,1,1,7.05834530932461,0.768023776332702,0.254083766596698,0,0.636213690251999,0.561227495401998,1,505,96,39,1769,91,596.50203062752,175,175,"successful",2,1
177,1,7.05834530932461,0.61936399334525,0.427134231220478,0,0.634256775044523,0.679072177502811,1,4.36473715742653,2.43703022438873,0.29639456778762,0.404148560441556,0.00886816968908337,0.633602022974853,0.70014520100045,1,218,878,1045,293,66,865.789776090573,242,177,"successful",1,1
178,4.36473715742653,2.43703022438873,0.0109669297715741,0.770160624533038,0,0.643205605199725,0.746077416288335,1,1,7.05834530932461,0.763629464654559,0.839807685362327,0.0733627905811833,0.706225645964612,0.7653771281358,1,2126,56,50,219,49,720.413193476765,8,8,"parenting",2,1
179,1,7.05834530932461,0.814446197395438,0.41762530928406,0.178824537112951,0.654746371785952,0.683780377143457,1,1,7.05834530932461,0.863591533070453,0.631105147262122,0.0255055705955204,0.812819862242363,0.696160836111235,1,822,1073,60,504,41,1279.27120603008,380,179,"parenting",2,1
180,1,7.05834530932461,0.827853925376613,0.196609669893119,0.0139249845685654,0.743268802835513,0.781686854098257,1,4.36473715742653,2.43703022438873,0,0.771350052254283,0,0.686812747604006,0.670739422972219,1,1099,1054,129,167,51,1279.10430421487,191,180,"unsuccessful",1,1
181,4.36473715742653,2.43703022438873,0.399497237085,0.478963978773891,0.00928045340544854,0.769262995896568,0.692913341209327,1,1,7.05834530932461,1,0.842002966300465,0.143725598323843,0.681356338364665,0.730652643841852,1,609,204,61,1576,50,625.538871339568,421,181,"successful",2,1
182,1,7.05834530932461,0.899594540006144,0.836330217766523,0.112761428565627,0.722961102091988,0.780542649552448,1,1,7.05834530932461,0.73524201232193,0.645315973497231,0.0496562994770583,0.717759425359781,0.628707925482668,1,393,1243,55,761,48,1644.15606369665,490,182,"successful",2,1
183,4.36473715742653,2.43703022438873,0.607733174898777,0.805784455327244,0,0.704207991267396,0.693175049810663,1,1,7.05834530932461,0.625375805386672,0.728930777754127,0,0.760744571883932,0.724788344850632,1,65,61,37,2292,45,606.613148698386,28,28,"successful",2,1
184,1,7.05834530932461,0.665792308149525,0.681890233021615,0.0163280262546439,0.706493605369198,0.698520417904527,1,4.36473715742653,2.43703022438873,0.259786722168124,0.394880071523551,0.0256535491308598,0.667713853060372,0.757427247047389,1,292,1066,154,904,84,1400.61358015795,316,184,"successful",1,1
185,4.36473715742653,2.43703022438873,0.434340436760588,0.639155886767148,0.0847548628592017,0.700933345213081,0.69663456367395,1,1,7.05834530932461,0.965539184307979,0.840625425514369,0.105768639812084,0.690534482364572,0.790142513607855,1,1588,188,72,603,49,638.825206125524,320,185,"successful",2,1
186,4.36473715742653,2.43703022438873,0.568552134725552,0.797216900105929,0.109023423837455,0.987104388063255,0.582967223297828,1,4.36473715742653,2.43703022438873,0.104003985810995,0.713475820387789,0.0507716601514264,0.897793048472655,0.693837408508092,1,1872,96,48,283,201,758.238258524515,96,96,"parenting",3,1
187,4.36473715742653,2.43703022438873,0.124583628864048,0.666429349603652,0.0426061358649961,0.732264746219585,0.674463703762117,1,4.36473715742653,2.43703022438873,0.252081260307042,0.481112842928159,0.107651016917449,0.785908068951229,0.664066116584092,1,1801,251,41,370,37,632.068079254269,466,187,"successful",2,1
188,4.42886595523644,2.46132167936904,0.0846442672157461,0.537411314578652,0,0.653597346425718,0.661923984169095,1,4.36473715742653,2.43703022438873,0.428345795511284,0.867266618638351,0,0.684308243930149,0.683776555985235,1,1151,139,46,1108,56,611.247353983019,387,188,"parenting",2,1
189,1,7.05834530932461,0.896140849853326,0.729207743875677,0.101293010852498,0.640503118196622,0.730553090938608,1,4.36473715742653,2.43703022438873,0.463809880137712,0.767016623694389,0.0729729822248531,0.682343794134919,0.822401392168238,1,280,1262,43,861,54,1406.831272813,169,169,"injurySelf",2,1
190,1,7.05834530932461,0.988879772672409,0.887584713635797,0.0886511645670132,0.627597331596511,0.740587832367239,1,4.42886595523644,2.46132167936904,0.0702823743455184,0.816166124197323,0.0107133196274838,0.476806572924536,0.665090009785527,1,203,1504,55,688,50,1712.65959066275,255,190,"unsuccessful",2,1
191,4.36473715742653,2.43703022438873,0.418998609514219,0.968233278120721,0,0.888005347769858,0.425664020969803,1,1,7.05834530932461,0.703147093487308,0.667070249082314,0.109412582170604,0.701085722565814,0.544569944913771,1,41,426,84,1888,61,698.272833152196,180,180,"successful",1,1
192,1,7.05834530932461,1,0.762044669335773,0.0597738825094582,0.722966055918357,0.708356770618935,1,1,7.05834530932461,1,0.485618206616524,0,0.719404420552383,0.718573817923835,1,2111,232,57,43,57,663.744865247741,495,192,"parenting",2,1
193,4.42886595523644,2.46132167936904,0.0110671376751471,0.73562141787933,0.0374049308748899,0.428258897971171,0.683181389440717,1,1,7.05834530932461,1,0.773778230272595,0.0440618584466079,0.630193442634456,0.831856846591243,1,1086,241,42,1090,41,637.02102426985,345,193,"successful",2,1
194,1,7.05834530932461,0.936798276049573,0.934258860529496,0.154016448164329,0.771352160633823,0.649888979765006,1,4.36473715742653,2.43703022438873,0.510216642963693,0.503580145614211,0,0.682741160498259,0.743783515226777,1,2277,80,43,49,51,609.748650742484,379,194,"parenting",2,1
195,1,7.05834530932461,0.904085195652005,0.442566866547043,0.157959601706902,0.821475116377437,0.670234214360622,1,1,7.05834530932461,0.948725898927972,0.732790055551741,0.044751744350124,0.851990151552914,0.734095291988954,1,868,663,47,886,36,987.697167767917,172,172,"unsuccessful",2,1
196,1,7.05834530932461,0.754495853638344,0.833194312021833,0.00328411930899149,0.725473668453107,0.782844023919333,1,1,7.05834530932461,0.954451344644115,0.885436793782225,0.0413080948610005,0.727145075094117,0.790837759461508,1,330,1479,34,522,135,1802.66465096791,236,196,"successful",1,1
197,4.36473715742653,2.43703022438873,0.0225169067755329,0.379623347290534,0.0206583921878834,0.720947821235795,0.731326321757366,1,1,7.05834530932461,0.629923474983215,0.59069480945887,0.0685301204298605,0.805394279501716,0.761904897849928,1,1645,285,88,317,165,716.333688165685,129,129,"successful",2,1
198,4.36473715742653,2.43703022438873,0,0.675593032629239,0,0.768881261457324,0.764349722363028,1,1,7.05834530932461,0.799287033105539,0.847964142122415,0.091391731373261,0.648143069656343,0.607114004665357,1,1364,76,46,967,47,598.428915220614,347,198,"parenting",2,1
199,1,7.05834530932461,0.895925616331084,0.479582729887654,0.157482701006967,0.628263759000937,0.751886561623016,1,4.36473715742653,2.43703022438873,0.402388511950293,0.36993784291263,0.0693091261110844,0.687099700065454,0.664325434503236,1,46,1416,46,937,55,2206.47902317413,323,199,"unsuccessful",2,1
200,1,7.05834530932461,0.892854835192526,0.377466854974178,0.127984828840955,0.637079959673155,0.715549469904637,1,1,7.05834530932461,0.92996517434539,0.369794776242187,0.0539409117747772,0.678223729516555,0.620750684443072,1,125,1490,90,715,80,1546.37809296879,223,200,"successful",2,1
201,1,7.05834530932461,0.95408756988757,0.403401883680434,0.125218731329462,0.724316163169679,0.754320879960147,1,4.36473715742653,2.43703022438873,0.342653404813231,0.396824318827338,0.115369583827805,0.580497582039763,0.901320474446758,1,299,1369,42,437,353,1744.17166841746,238,201,"successful",2,1
202,4.36473715742653,2.43703022438873,0,0.705872427142771,0.0984607578657899,0.795616340127392,0.736115179896304,1,1,7.05834530932461,0.828062603607438,0.570040615596754,0,0.657199431527026,0.791961499655875,1,1209,44,61,1156,30,600.106829833451,420,202,"successful",2,1
203,1,7.05834530932461,0.732868747570392,0.605860187992094,0.0747459304803441,0.759369179512183,0.721401915027875,1,4.36473715742653,2.43703022438873,0.348438419231468,0.579838536312767,0.0371923692124289,0.659077960314598,0.645758539831394,1,210,1323,50,879,38,1528.83069721603,121,121,"unsuccessful",2,1
204,1,7.05834530932461,0.905042185423459,0.449112809528467,0.0598893144636103,0.62995859838055,0.682920149224192,1,1,7.05834530932461,0.972524406473206,0.559409738825586,0.0647057698539071,0.521633586590737,0.787413312735367,1,66,1480,79,802,73,2146.53237630362,289,204,"successful",2,1
205,1,7.05834530932461,0.606495642634086,0.862821976348085,0.110229757397808,0.597549947214281,0.704954342835398,1,4.36473715742653,2.43703022438873,0.600553399578461,0.664090634573497,0.0208254904802776,0.717765394452291,0.700329489388818,1,1522,575,45,306,52,922.360561211453,426,205,"successful",2,1
206,1,7.05834530932461,0.721965376199191,0.6274247398026,0.0742268255626979,0.726900768271967,0.673514602562104,1,4.36473715742653,2.43703022438873,0.199541754927911,0.210911670904673,0,0.605773335269245,0.677711294457127,1,531,1351,31,495,92,1482.06675724642,38,38,"parenting",2,1
207,4.36473715742653,2.43703022438873,0.422658759610988,0.705324466824745,0,0.632624873974215,0.745133973713917,1,4.36473715742653,2.43703022438873,0.296360228881739,0.82186065804159,0.178698414162773,0.928191357378536,0.578183826840762,1,1177,67,43,1163,50,598.026393187435,86,86,"successful",2,1
208,4.36473715742653,2.43703022438873,0.00504038867074001,0.623723965489137,0.0109602331237825,0.778694617828669,0.577900605985127,1,4.36473715742653,2.43703022438873,0.187922715288824,0.695691203389967,0.0478475561619994,0.798137467936092,0.746784554909194,1,769,508,48,1074,101,700.3658821599,350,208,"successful",2,1
209,1,7.05834530932461,0.945052992140444,0.650293309324849,0.0740638643894686,0.752330424286775,0.756133550025515,1,1,7.05834530932461,0.807464474779028,0.623162956543747,0.0228305174416724,0.708471758211203,0.582438399474535,1,547,1097,53,753,50,1634.08636923549,371,209,"successful",3,1
210,1,7.05834530932461,0.966984362301143,0.563008878094957,0.00201182791793515,0.663716905113868,0.726150126455301,1,4.36473715742653,2.43703022438873,0.0309438076447455,0.744961464342923,0.00891253198339349,0.713579869208178,0.676724687314922,1,733,932,68,665,102,1304.55666519027,211,210,"successful",2,1
211,4.36473715742653,2.43703022438873,0.435806298304989,0.585635398131466,0,0.77345256719464,0.780613554845093,1,4.36473715742653,2.43703022438873,0.553588666147678,0.74023680549058,0.213466465164825,1,0.529700501623354,1,1968,179,87,209,57,726.415838977407,210,210,"successful",2,1
212,4.36473715742653,2.43703022438873,0.554807646629117,0.780869284600039,0.197099887893539,0.985898523882354,0.604736460109697,1,4.36473715742653,2.43703022438873,0.235625794003275,0.531280481817473,0.0398827129953095,0.973894457692825,0.739362172256045,1,2067,80,48,255,50,723.70444349612,330,212,"successful",3,1
213,4.36473715742653,2.43703022438873,0.174320127679109,0.735551227177058,0.118632339762011,0.773055928976127,0.733627568281091,1,4.36473715742653,2.43703022438873,0.393061891089818,0.649619300300158,0.0534096732199274,0.617059312351125,0.73720164502279,1,335,110,60,1919,76,780.628572213276,272,213,"parenting",2,1
214,1,7.05834530932461,0.942649870478726,0.442547105532442,0.161722679093604,0.604424251667383,0.783308671662789,1,4.36473715742653,2.43703022438873,0.591102490892301,0.418191497549958,0,0.677204584416189,0.736554312571252,1,2056,201,57,143,43,667.122265376234,500,214,"parenting",2,1
215,4.36473715742653,2.43703022438873,0.362091241190897,0.147520500762149,0,0.618660279168688,0.716249539210986,1,4.36473715742653,2.43703022438873,0.113832008067402,0.777912846246918,0.028100459519818,0.858026186272167,0.741345154438289,1,531,88,43,1782,56,979.902701082742,69,69,"successful",2,1
216,1,7.05834530932461,0.610879859439415,0.567592375693243,0.0221387654784482,0.728209940357716,0.752428569816286,1,4.36473715742653,2.43703022438873,0.661154308172029,0.818577158400234,0,0.604391406266659,0.709566694831343,1,205,797,1155,148,195,890.916157349647,226,216,"injuryChild",1,1
217,1,7.05834530932461,0.849217856143814,0.754197570699336,0.0415320526316807,0.623214322422963,0.649096778093076,1,4.36473715742653,2.43703022438873,0.484029779385854,0.448491793450432,0,0.768637452310388,0.728305807636043,1,494,1437,45,493,31,1593.68107363044,392,217,"unsuccessful",2,1
218,4.36473715742653,2.43703022438873,0.508308945820766,0.61985452518879,0.126320891714392,0.689166903707304,0.818381751947549,1,1,7.05834530932461,0.798572019624038,0.355387896639242,0,0.645047591976605,0.755033938407746,1,998,42,57,1213,190,1003.83170704776,263,218,"successful",1,1
219,4.36473715742653,2.43703022438873,0,0.641391641545317,0.119704942837788,0.900694498669139,0.680485679711535,1,1,7.05834530932461,1,0.841089055534545,0.0713531880349234,0.647066387522846,0.730697674388623,1,1520,94,43,794,49,604.780903684083,407,219,"parenting",2,1
220,1,7.05834530932461,0.884548864095752,0.634992031118595,0,0.576045665385844,0.683922394373089,1,4.36473715742653,2.43703022438873,0.492783988341445,0.396015034693,0.149737723980998,0.7347655759243,0.786199858697371,1,466,1462,70,454,48,1839.18176854861,496,220,"successful",2,1
221,4.36473715742653,2.43703022438873,0.298215105703207,0.406336637850623,0.112415715391593,0.948214709206939,0.724297334621423,1,1,7.05834530932461,0.997583459349115,0.964647195219619,0,0.651480724379926,0.725213897307806,1,1610,49,48,649,144,1037.12253471636,66,66,"successful",2,1
222,1,7.05834530932461,1,0.611994261240365,0,0.747789191344976,0.654034928845699,1,4.36473715742653,2.43703022438873,0.442316005930251,0.76798579256372,0,0.547994137034027,0.748405297493726,1,2221,145,35,53,46,638.905397207665,487,222,"parenting",2,1
223,4.36473715742653,2.43703022438873,0.165559822498059,0.602363414070353,0,0.677452678497251,0.712232282118511,1,4.36473715742653,2.43703022438873,0.208658257875996,0.486131272089344,0.0640873930890919,0.676480739051228,0.674586180235474,1,1394,54,58,937,57,781.196880595779,200,200,"successful",2,1
224,4.36473715742653,2.43703022438873,0.00834627048204005,0.743225220290285,0.0227709789290433,0.757321231321015,0.793652219167222,1,1,7.05834530932461,0.915518084912384,0.869675525694515,0.155005914922465,0.87648414134797,0.60752726079737,1,1199,44,32,1180,45,601.996186392283,493,224,"successful",2,1
225,1,7.05834530932461,0.649216693094996,0.783301546237581,0.0733110724355813,0.688845931445646,0.615607234078713,1,4.36473715742653,2.43703022438873,0.243318543477754,0.856307025886094,0.0739678533298046,1,0.556400628942896,1,490,117,67,1779,47,624.989179512446,81,81,"parenting",2,1
226,4.36473715742653,2.43703022438873,0.113070825460118,0.589891047266477,0.141383492663498,0.815970913252717,0.719585094089895,1,4.36473715742653,2.43703022438873,0.633923508050382,0.796293996888002,0.0738186534302081,0.981614367373825,0.525777460117457,1,721,563,404,754,58,847.732997364277,216,216,"successful",1,1
227,4.36473715742653,2.43703022438873,0.319569500488529,0.576094573912416,0.113022846688536,0.81917309574215,0.765684359561639,1,1,7.05834530932461,0.829601749887411,0.255612928172403,0,0.62721294710468,0.637830866099236,1,212,699,111,1437,41,811.945095824158,352,227,"unsuccessful",2,1
228,1,7.05834530932461,0.595533431539348,0.608641095005094,0,0.758777525027598,0.743876016118646,1,4.36473715742653,2.43703022438873,0.684464548582395,0.922916406465713,0,0.680996572351642,0.838816584834767,1,2216,86,46,99,53,609.051715170928,478,228,"successful",2,1
229,1,7.05834530932461,0.753340596213093,0.205606579833091,0.0744032655765048,0.635539898892534,0.763014539678482,1,4.36473715742653,2.43703022438873,0.54475765778206,0.478424135554347,0.0343242607335497,0.834646809942731,0.795301441369038,1,654,1005,72,625,144,1256.6151645284,64,64,"successful",2,1
230,4.36473715742653,2.43703022438873,0.430188649403528,0.367533381287587,0.0912911318024532,0.647483694349499,0.94467328310529,1,1,7.05834530932461,0.822727698352258,0.494406892125541,0.1249827713423,0.727358275444341,0.648641835386193,1,40,436,43,1931,50,713.794077646407,134,134,"injurySelf",2,1
231,1,7.05834530932461,0.540231729069338,0.509778234050189,0.035248098075666,0.790048069335508,0.772245524119551,1,4.36473715742653,2.43703022438873,0.417316805898788,0.944619586108653,0.0166461679520722,0.837906128221534,0.440268902884135,1,231,943,156,1132,38,1307.22393240455,378,231,"injurySelf",2,1
232,4.36473715742653,2.43703022438873,0.475564582802614,0.790559236396081,0.188735348203895,1,0.706112089394938,1,4.36473715742653,2.43703022438873,0.325988231761095,0.523922841921277,0.138000843107588,0.982503558349618,0.652151463127565,1,1228,79,43,1089,61,771.060231930394,257,232,"unsuccessful",3,1
233,4.36473715742653,2.43703022438873,0.240168005082986,1,0.0305103008780739,0.794967809068243,0.388910131161348,1,1,7.05834530932461,0.751593910043472,0.626825301990845,0,0.651168563573799,0.535463422272736,1,88,62,54,2236,60,589.958329787549,336,233,"successful",2,1
234,1,7.05834530932461,0.958729262675715,0.850765476588788,0,0.772450063109605,0.574073411504161,1,1,7.05834530932461,0.94928293225009,0.768381353832263,0.125103385128294,0.767483512632204,0.790289708731772,1,534,1162,73,677,54,1534.73711529087,306,234,"unsuccessful",2,1
235,4.42886595523644,2.46132167936904,0.0765665485041171,0.573625032101306,0,0.748595776801076,0.656422911476723,1,1,7.05834530932461,0.781347717001838,0.68207779022288,0,0.65370010667872,0.579464150546802,1,951,53,47,1401,48,598.327478031149,492,235,"injuryChild",2,1
236,4.36473715742653,2.43703022438873,0.378410403791435,0.488129073419093,0.118422900875523,0.799477446135946,0.751195783772341,1,4.36473715742653,2.43703022438873,0.275484656408229,0.724113987848668,0.085193360083514,0.835795280489246,0.683686528539204,1,1148,133,43,1007,169,728.025645723374,196,196,"successful",1,1
237,4.36473715742653,2.43703022438873,0.438805478283762,0.633327002208861,0.120256680598004,0.795628885089595,0.824478985734934,1,1,7.05834530932461,0.8201364603902,0.570867335420659,0.0177563588129198,0.67169353572729,0.660266106237651,1,976,367,37,1078,42,663.803632887205,280,237,"successful",2,1
238,4.36473715742653,2.43703022438873,0.455794025882679,0.809041786365513,0.120935432686661,0.955815404990508,0.59605294040955,1,1,7.05834530932461,0.944075416745091,0.587963107878742,0.0441347975263538,0.668356285520589,0.695558415421414,1,1122,55,71,943,309,561.933897403718,201,201,"parenting",2,1
239,1,7.05834530932461,0.967181013495231,0.600678509827474,0.0448483490962246,0.606014069993692,0.653684209839657,1,4.36473715742653,2.43703022438873,0.377771383242499,0.644468317273881,0.143958835019704,0.707892989519926,0.687066498178248,1,1701,486,41,236,36,914.174459693553,477,239,"parenting",2,1
240,1,7.05834530932461,1,0.845396654244347,0.0714051457677575,0.652673483020352,0.738631387990841,1,4.36473715742653,2.43703022438873,0.131020325580631,0.762227856445977,0.0514268064245937,0.662929239213784,0.711383370304055,1,1694,665,46,31,64,943.925445262044,344,240,"parenting",2,1
241,1,7.05834530932461,0.616597460090865,0.569590838428484,0.0801493728481633,0.689926783596458,0.683036076449171,1,1,7.05834530932461,0.699938318493132,0.689117419678874,0.0657244348146952,0.757254826445564,0.696594699677447,1,553,1454,49,398,46,1632.4330783296,260,241,"successful",2,1
242,4.42886595523644,2.46132167936904,0.0778557067497215,0.757055712408122,0,0.345450176650192,0.674431388189311,1,4.36473715742653,2.43703022438873,0.201689351113805,0.906812305684192,0.106134064146449,0.84232519608154,0.574573296543581,1,861,423,236,757,223,1367.63385251681,177,177,"unsuccessful",1,1
243,4.36473715742653,2.43703022438873,0.452587815821479,0.633164192191354,0,0.813165659203122,0.769080554528681,1,4.36473715742653,2.43703022438873,0.509100905614351,0.387461003263683,0.0220303730828337,0.886611022164828,0.621259068642787,1,115,165,48,2119,53,620.037953275218,3,3,"successful",2,1
244,4.36473715742653,2.43703022438873,0.530160307428039,0.811344923563534,0.126568738122263,0.949961003370627,0.537176400553337,1,1,7.05834530932461,1,0.457488494533759,0,0.719146136398828,0.709561379079573,1,348,214,54,1763,121,840.58788223375,423,244,"successful",2,1
245,1,7.05834530932461,0.802997271396049,0.753944838926431,0.0135285180740653,0.745956240289198,0.727300262797779,1,1,7.05834530932461,0.665583719400665,0.334772672626584,0,0.694627988628603,0.800285343291788,1,490,996,51,919,44,1180.15279687249,253,245,"successful",2,1
246,1,7.05834530932461,0.802354012591264,0.652047867563657,0.0208027468033552,0.72112634782614,0.601235240305649,1,1,7.05834530932461,0.66102659640831,0.6855195679477,0,0.77589818128756,0.684796577483326,1,699,1090,44,595,72,1353.40170863948,299,246,"successful",2,1
247,1,7.05834530932461,0.621563557005771,0.410729179671274,0.0986949536925982,0.587119636165437,0.618259301950251,1,4.36473715742653,2.43703022438873,0.153150682192888,0.62514592812022,0.20852269807919,0.826262640784486,0.771887832661283,1,1337,690,57,370,46,1062.90896450025,425,247,"parenting",2,1
248,4.36473715742653,2.43703022438873,0.207581559313531,0.699653530404599,0,0.753184745390417,0.606055839560716,1,4.36473715742653,2.43703022438873,0.0526297042472402,0.657846480843001,0,0.764538394069815,0.692238388737173,1,1155,177,59,1056,53,859.275238523773,369,248,"successful",2,1
249,1,7.05834530932461,0.965701979395005,0.529764359523141,0.0841146081437381,0.719681350091124,0.76808050004528,1,4.36473715742653,2.43703022438873,0.540335902903825,0.643760786054875,0,0.968962681772949,0.706569733754732,1,907,1030,45,452,66,1289.4241108114,335,249,"successful",2,1
250,1,7.05834530932461,0.972057140120714,0.800357692390425,0.127160836911564,0.759196427386928,0.732506879513958,1,4.36473715742653,2.43703022438873,0.38377063372628,0.494474042146926,0.0517940820171664,0.868378167194012,0.702178101729614,1,1606,635,51,168,40,938.47430517023,148,148,"successful",2,1
251,1,7.05834530932461,0.713912031907873,0.683163963415591,0.0547113972071656,0.730199921685157,0.607281497569224,1,4.36473715742653,2.43703022438873,0.0074430898626673,0.586329275007255,0,0.758414020044191,0.796814673443917,1,2263,54,53,79,51,608.045614917936,435,251,"parenting",2,1
252,1,7.05834530932461,0.810691624750234,0.746228202234126,0,0.583989491192971,0.810480035932693,1,4.36473715742653,2.43703022438873,0.354100037101328,0.621842150002654,0.0783659667739193,0.685359959016079,0.623551416494112,1,2259,85,59,44,53,609.102120026145,446,252,"parenting",2,1
253,4.36473715742653,2.43703022438873,0.4353112047889,0.75457464991048,0.01122832383885,0.787857000836262,0.626851103807682,1,1,7.05834530932461,0.936297412730587,0.385872978926573,0.0759050826266861,0.748489514490409,0.756317351859304,1,2264,42,48,93,53,596.46094385279,245,245,"parenting",2,1
254,1,7.05834530932461,0.550135004804367,0.800198481908681,0.0682992513987722,0.567612627343619,0.546843945149384,1,4.36473715742653,2.43703022438873,0,0.660565987645325,0.00845011826944205,0.713834948406072,0.60190311050931,1,2006,290,61,89,54,725.797553017188,494,254,"parenting",2,1
255,4.36473715742653,2.43703022438873,0.417502145751425,0.535976682424883,0.0158876939589307,0.81466498355692,0.718349982911694,1,1,7.05834530932461,0.721506564694177,0.734385961328576,0,0.751509919195998,0.719877782393899,1,1257,58,53,1101,31,803.652810259995,190,190,"successful",2,1
256,4.36473715742653,2.43703022438873,0.064620956407413,0.621649906482372,0.0478287395386751,0.635383881536043,0.74935481911322,1,1,7.05834530932461,0.732637585253209,0.725915350739966,0.045713594863919,0.729470596279933,0.622017086286357,1,1168,88,52,1147,45,602.699860146707,285,256,"parenting",2,1
257,1,7.05834530932461,1,0.839814545229235,0.108335763888341,0.797775761527601,0.744760103529606,1,4.36473715742653,2.43703022438873,0.385528305272972,0.55874301652009,0,0.85302438495192,0.734197409299975,1,288,1608,134,418,52,1616.27026123143,232,232,"successful",3,1
258,4.36473715742653,2.43703022438873,0.48006239686236,0.746445082160683,0.244690555172918,1,0.612619456399639,1,4.36473715742653,2.43703022438873,0.258879721883605,0.540236339332875,0,0.866872710073657,0.721780396709297,1,787,421,154,1084,54,1088.12003314348,101,101,"successful",2,1
259,1,7.05834530932461,0.669246287156114,0.795192104283302,0.027452625448931,0.696407861027921,0.60769707938324,1,1,7.05834530932461,0.8478654615582,0.782182941664675,0.151246604011067,0.71960400259547,0.68153257329976,1,52,1410,49,769,220,1790.7858702685,469,259,"parenting",2,1
260,4.36473715742653,2.43703022438873,0.396533650998953,0.38365605822409,0.14852641812081,0.55720494487986,0.821895291938732,1,1,7.05834530932461,0.911967004132862,0.378726939975392,0.0513765996219166,0.707733458679201,0.703326517805279,1,1332,50,36,1025,57,606.485519409422,241,241,"successful",2,1
261,1,7.05834530932461,0.740710218948975,0.67681499350691,0,0.608589301509484,0.571098883131196,1,4.36473715742653,2.43703022438873,0.613610518157923,0.709422333225124,0,1,0.622823782756181,1,294,1275,55,668,208,1748.73883783108,480,261,"successful",3,1
262,1,7.05834530932461,0.973411166279156,0.618782200478168,0,0.725118485455648,0.681129775223449,1,4.36473715742653,2.43703022438873,0.429063584327292,0.655732176100091,0.0450602509230747,0.624761307555031,0.690770775208854,1,1366,128,45,913,48,637.255439148816,63,63,"unsuccessful",2,1
263,1,7.05834530932461,0.726572667987053,0.933029133278112,0.0839770667398214,0.743233977852467,0.623918907112116,1,1,7.05834530932461,1,0.773128591047659,0.11864618558662,0.671516132242635,0.657798765013857,1,505,1592,63,270,70,1609.06355108359,218,218,"successful",1,1
264,4.36473715742653,2.43703022438873,0.0678386941397377,0.584349532148546,0,0.740739336471596,0.673485742779272,1,1,7.05834530932461,0.996476555846056,0.661458003965208,0,0.666359033567609,0.638117832760892,1,131,119,37,2126,87,609.966643577336,13,13,"successful",2,1
265,1,7.05834530932461,0.808452643876112,0.89227926711334,0.00909654845324728,0.668286676011376,0.670265866418941,1,4.36473715742653,2.43703022438873,0.59137592933729,0.773133846283945,0.186145565337264,1,0.655293734412601,1,2207,137,51,48,57,634.848627220342,315,265,"parenting",2,1
266,1,7.05834530932461,0.670448698853481,0.435833816299757,0,0.672412760251898,0.607762964820111,1,1,7.05834530932461,0.568604461121916,0.601486001312003,0.0738034262342049,0.656514428364647,0.734614835118978,1,2119,204,44,81,52,659.460507007668,139,139,"parenting",2,1
267,4.36473715742653,2.43703022438873,0.504971483780487,0.720775417606086,0.0478799754673867,0.524920979135545,0.688127303076656,1,1,7.05834530932461,0.960610354173135,0.945908560104504,0.207225771025926,0.751726057771409,0.626741983205151,1,1464,160,66,638,172,988.610591547456,46,46,"parenting",2,1
268,1,7.05834530932461,0.745438042220001,0.167887925728034,0,0.708374211477453,0.661293392335821,1,1,7.05834530932461,1,0.501069497655342,0.0942884840337347,0.798675053978251,0.816022857572765,1,583,794,102,937,84,1079.19995919385,126,126,"parenting",2,1
269,1,7.05834530932461,0.667983333576344,0.802556356382319,0,0.706176865612894,0.508908834608183,1,1,7.05834530932461,0.907616033863231,0.848933455210802,0,0.690391883624746,0.726982563212877,1,1051,1132,49,221,47,1331.23264313214,277,269,"parenting",2,1
270,4.36473715742653,2.43703022438873,0.46311886399016,0.63335657048602,0.187101788028979,0.508880447225102,0.699902136669391,1,1,7.05834530932461,0.944211755395532,0.971619450717826,0.104750560465386,0.675453196558257,0.635327060780151,1,649,753,103,869,126,1431.25151901121,412,270,"successful",2,1
271,1,7.05834530932461,0.741627847498799,0.675303027526641,0,0.731170001893963,0.63850548249237,1,4.36473715742653,2.43703022438873,0,0.676326667826939,0.0320246822653117,0.784127879361017,0.667870548473644,1,445,964,50,900,141,1201.50137079883,150,150,"parenting",2,1
272,1,7.05834530932461,0.763424588622011,0.632101745940815,0.0349416003905067,0.715579801629462,0.695314008659745,1,1,7.05834530932461,0.888253584334988,0.694910863350341,0.108719884469732,0.677065088550452,0.663310897942819,1,439,917,47,982,115,1357.51927462245,213,213,"parenting",2,1
273,1,7.05834530932461,1,0.614916564826619,0,0.432895242010616,0.618889047959423,1,4.36473715742653,2.43703022438873,0.214619760565823,0.533872905479154,0.0385459740780675,0.70203767095338,0.689119555720334,1,1620,508,51,260,61,987.02807181315,491,273,"parenting",2,1
274,4.42886595523644,2.46132167936904,0.171038710636398,0.570925312260419,0.0334522577315528,0.622217349834124,0.771356149807285,1,4.36473715742653,2.43703022438873,0.00916981135104692,0.666875401554196,0,0.668436799056086,0.699217447918708,1,1196,48,43,1158,55,815.890475717909,467,274,"successful",2,1
275,4.36473715742653,2.43703022438873,0.643065401428933,0.62855832161632,0,0.921372156156296,0.626797471771112,1,1,7.05834530932461,0.604884919423743,0.614016528452669,0,0.85644316084627,0.665206055346342,1,1758,75,52,580,35,1001.88930528054,33,33,"parenting",2,1
276,1,7.05834530932461,0.966176395141303,0.503281929200144,0.0180148677954911,0.702623747865281,0.718197562648765,1,4.36473715742653,2.43703022438873,0.272639714879319,1,0,0.842199209001517,0.423017874199493,1,880,692,61,832,35,984.574529854956,103,103,"injurySelf",2,1
277,4.36473715742653,2.43703022438873,0.0163658809993341,0.662021057742631,0,0.750242284897394,0.688246091944733,1,1,7.05834530932461,0.805228080070503,0.775673617629264,0.0950079384955755,0.710983659121617,0.768360626162301,1,87,289,50,2026,48,670.612177218861,269,269,"successful",2,1
278,1,7.05834530932461,1,0.366031766847895,0.0747064304898912,0.697918159282792,0.71425205679768,1,4.36473715742653,2.43703022438873,0.375628320232566,0.438710909875147,0.178044196151769,0.468418876990133,0.953491300601599,1,848,912,59,618,63,1170.8147412036,309,278,"successful",2,1
279,1,7.05834530932461,0.896655574702779,0.818743164257691,0.153287814966151,0.652369045165211,0.770411542875342,1,1,7.05834530932461,0.710384249666565,0.187334256611764,0,0.722471593562196,0.787898880574503,1,748,1123,39,538,52,1710.27900399427,40,40,"successful",2,1
280,1,7.05834530932461,0.943418223274249,0.436963496961371,0.0830115079200679,0.725276626667748,0.666729465963285,1,4.36473715742653,2.43703022438873,0,0.68646208168123,0.0523479460241078,0.669124168588122,0.682328621331953,1,1004,60,57,1340,39,607.926570780004,237,237,"parenting",2,1
281,1,7.05834530932461,0.756527819471238,0.713830382852617,0.0195963438568563,0.716781458555315,0.679532518880348,1,1,7.05834530932461,0.959409042754091,0.71817008331426,0,0.698111862420556,0.670853874219103,1,2122,218,46,83,31,677.710530994038,24,24,"parenting",2,1
282,1,7.05834530932461,0.868200842227836,0.572631778479786,0.0354188632640548,0.384556223285645,0.785831244102761,1,4.36473715742653,2.43703022438873,0,0.654316052562553,0.0619767865056859,0.711368915667359,0.667474716149479,1,42,1276,41,1073,68,1556.19766726644,4,4,"successful",2,1
283,1,7.05834530932461,0.945793393466829,1,0.0987744443253784,0.778030265384613,0.620132621493535,1,4.36473715742653,2.43703022438873,0.21659255937068,0.418964260361718,0.077108540404487,0.873514990579417,0.617600470589879,1,44,1198,67,1144,47,1463.59469015226,497,283,"successful",1,1
284,4.36473715742653,2.43703022438873,0.320799722208974,0.706138448484004,0,0.714223163240045,0.75917985847996,1,4.36473715742653,2.43703022438873,0.534389904228627,0.851192641625851,0,0.83434327393328,0.692920078139096,1,1022,51,42,1331,54,664.809387470533,115,115,"parenting",2,1
285,1,7.05834530932461,0.966094128109682,0.419671371790581,0,0.648038265961755,0.809142412527472,1,4.36473715742653,2.43703022438873,0.0011639385982018,0.602612403001523,0.0407315855846061,0.656211353544685,0.754236803100382,1,608,1210,38,598,46,1409.41412858098,256,256,"unsuccessful",2,1
286,1,7.05834530932461,0.903399999153584,0.941914724031943,0.0318472738804494,0.689368108019564,0.6489230925655,1,1,7.05834530932461,0.89076581235436,0.79425601508257,0.0168341877805096,0.773093772832641,0.777550561635312,1,1167,123,51,1124,35,614.223809591536,50,50,"parenting",2,1
287,4.42886595523644,2.46132167936904,0.0766628065314996,0.460790507882828,0,0.721315369498502,0.685750523628215,1,4.36473715742653,2.43703022438873,0.540925512840272,0.827697060015903,0.0867451874876371,0.648480895781666,0.722414036316607,1,1208,43,42,1148,59,597.054988695603,100,100,"parenting",2,1
288,4.36473715742653,2.43703022438873,0,0.861519835033892,0,0.720115366060102,0.721218076025671,1,1,7.05834530932461,0.826322172918126,0.788676723541898,0.1212303590611,0.735373058102155,0.598376290444099,1,2218,59,39,143,41,646.672444035427,464,288,"parenting",2,1
289,4.36473715742653,2.43703022438873,0.102844383484564,0.806962284939876,0.128515931574601,0.838100006705167,0.733923750811397,1,4.36473715742653,2.43703022438873,0.669625014228119,0.61877060586909,0,0.689492977119728,0.735736273640732,1,1508,237,59,659,37,1085.2581322943,204,204,"parenting",2,1
290,4.36473715742653,2.43703022438873,0.392042031970406,0.588016482286936,0,0.826878023226693,0.62347817230565,1,4.36473715742653,2.43703022438873,0.664104980401346,0.804990065584128,0.209110347902897,0.867796610244536,0.574511944154646,1,892,230,65,1273,40,659.332024011776,448,290,"successful",1,1
291,1,7.05834530932461,0.941573332319394,0.798056990313008,0.0269780213822322,0.70655327742569,0.766524637859277,1,1,7.05834530932461,0.650345296468382,0.894741667010749,0,0.830353184732828,0.587849394489171,1,55,1989,42,347,67,954.224448212869,159,159,"unsuccessful",3,1
292,4.36473715742653,2.43703022438873,0.440669450499087,0.654850873853051,0,0.613238278433191,0.713966506281188,1,1,7.05834530932461,0.572628066269707,0.547750796261704,0.0902713118414801,0.725394540593459,0.690086735454522,1,2310,42,50,47,51,600.051128232543,37,37,"parenting",2,1
293,1,7.05834530932461,0.769686223176391,0.671812724851585,0.00313752695285796,0.629402316413596,0.716240080998987,1,4.36473715742653,2.43703022438873,0.335209211585454,0.703179411850933,0.133856784634357,0.833033887184708,0.732421793073188,1,2124,196,59,88,33,667.446335929163,304,293,"parenting",2,1
294,1,7.05834530932461,0.707416358408702,0.897462930612098,0.123173180338942,0.74293294923761,0.754231866182029,1,4.36473715742653,2.43703022438873,0.511034832691829,0.896762029579421,0.114424605540588,0.961597348646199,0.636728853438311,1,2112,56,49,238,45,610.110187882795,128,128,"parenting",2,1
295,4.36473715742653,2.43703022438873,0.581467663159667,0.64697598236904,0.037198226959299,0.681151976613435,0.662658361198082,1,1,7.05834530932461,0.666952871429105,0.590977463700958,0.048942208810513,0.667859131926117,0.676041841790925,1,604,381,145,1292,78,1076.18653557279,19,19,"parenting",2,1
296,1,7.05834530932461,0.855254676865601,0.604077391207995,0.0321616728118662,0.794321138418238,0.690085377409304,1,1,7.05834530932461,0.918081267932156,0.285375175806037,0.157988316025194,0.675178966426333,0.783153572463137,1,2245,54,102,51,48,586.938792913794,165,165,"parenting",2,1
297,1,7.05834530932461,0.911419470430039,0.665886984667888,0.0699684167468785,0.563410613695584,0.740581737341326,1,1,7.05834530932461,0.811444061880351,0.219922535357054,0,0.829689244139742,0.740048605000954,1,378,1170,55,846,51,1623.51051851243,116,116,"parenting",2,1
298,1,7.05834530932461,0.753928855151245,0.644161289753868,0,0.689832617811977,0.738358810321786,1,1,7.05834530932461,0.982252649793275,0.820294276341885,0.0850282297873397,0.612078798176737,0.593866175339005,1,928,1135,47,330,60,1374.65810813671,321,298,"successful",2,1
299,4.36473715742653,2.43703022438873,0.132258619949291,0.77221057945761,0.145743976122368,0.740401403139652,0.804085932137383,1,4.36473715742653,2.43703022438873,0.142195239682976,0.606319300782236,0.0563073904098541,0.664516494190419,0.643100179217033,1,242,81,47,2081,49,727.109170272494,246,246,"successful",2,1
300,1,7.05834530932461,0.849713377795399,0.402663344832897,0.120878174886806,0.623563486670436,0.792164990180309,1,4.36473715742653,2.43703022438873,0.438950305999273,0.655211860112027,0.109531081978669,0.833248329221801,0.680011002988661,1,238,1352,66,215,629,1360.7592733139,51,51,"successful",2,1
301,1,7.05834530932461,0.889108201834972,0.840675571745619,0,0.7535837098617,0.753451811750971,1,4.36473715742653,2.43703022438873,0.522736815982992,0.621882545931966,0.00272210700772328,0.662421261216901,0.676743455018192,1,1611,98,65,682,44,615.502067715471,393,301,"parenting",2,1
302,4.36473715742653,2.43703022438873,0.0832802284363989,0.721181910318183,0.0355686021684726,0.827730831152627,0.777649686567485,1,1,7.05834530932461,0.650058314807737,0.512827945515541,0.0270929184783009,0.706997182133814,0.607371094160012,1,1428,457,52,480,83,956.519290811867,346,302,"parenting",2,1
303,4.36473715742653,2.43703022438873,0.443774925620033,0.612510015589491,0,0.856360481839386,0.661226819555428,1,4.42886595523644,2.46132167936904,0.140459206417238,0.597592106221637,0.158314723459888,0.502456200445968,0.756810648105436,1,2011,59,35,357,38,804.685274535732,112,112,"parenting",2,1
304,4.36473715742653,2.43703022438873,0.469618330563202,0.501374607974065,0.0542269546843734,0.733232762583716,0.790131371583581,1,1,7.05834530932461,0.960173833715032,0.934755221511715,0.0194040476533742,0.775981568625087,0.700561936316378,1,2261,47,43,97,52,594.322135902192,293,293,"parenting",2,1
305,4.36473715742653,2.43703022438873,0.461073229535953,0.79837454194574,0,0.748357584518516,0.762330982362472,1,4.42886595523644,2.46132167936904,0.149180567783837,0.589155423620282,0,0.745898216216449,0.800827417496419,1,906,80,58,1409,47,596.498891459919,441,305,"parenting",2,1
306,4.42886595523644,2.46132167936904,0.00200577877693454,0.885444818576227,0.0193042930245661,0.447958314188879,0.531155098648504,1,4.36473715742653,2.43703022438873,0.322444550719326,0.398629641332754,0.0589943991427742,0.756516003936426,0.683828423823809,1,1543,321,52,513,71,818.999712803707,234,234,"injuryChild",2,1
307,1,7.05834530932461,0.97167110327882,0.786948653765328,0.124131125454944,0.824224875498462,0.750422943778017,1,4.36473715742653,2.43703022438873,0.345323289012454,0.748227310982012,0.0113772050831778,0.858415159728566,0.74908110990387,1,1033,859,67,411,130,1140.44103733707,113,113,"unsuccessful",2,1
308,1,7.05834530932461,0.815083468746818,0.636159075661093,0,0.734984770618466,0.659791682094397,1,4.36473715742653,2.43703022438873,0.429217588284322,0.657219343179143,0.0724885870510589,0.896505813909299,0.76256537285827,1,319,1456,48,557,120,1792.9334701573,94,94,"parenting",2,1
309,4.36473715742653,2.43703022438873,0.206190806727268,0.532824834488222,0,0.85279226360869,0.731159048211731,1,1,7.05834530932461,0.960161147240841,0.790260031705517,0,0.708895183492883,0.718485294914666,1,81,50,60,2239,70,592.362667237721,278,278,"successful",2,1
310,4.36473715742653,2.43703022438873,0.185739689576022,0.883359493605695,0.151615232037916,0.891659644833698,0.626147220963465,1,4.36473715742653,2.43703022438873,0.402339682719272,0.355385361928888,0.150508838791368,0.500301241698001,0.943857807051033,1,82,212,46,2118,42,621.688504411866,417,310,"successful",2,1
311,1,7.05834530932461,0.64083518145812,0.463773219472976,0.0696377868162154,0.712181208099688,0.599816822564822,1,1,7.05834530932461,0.797844835822915,0.604345546232365,0,0.854582007024578,0.670772863625227,1,597,1608,52,131,112,1671.80994884035,31,31,"parenting",2,1
312,1,7.05834530932461,0.815801486189376,0.722082782252134,0,0.66653364943701,0.695249537031695,1,4.36473715742653,2.43703022438873,0.357705930138906,0.455553445600627,0.0469431379579123,0.706528725457502,0.690691836550282,1,384,1278,72,191,575,1453.31114565143,329,312,"successful",3,1
313,1,7.05834530932461,0.970043708348213,0.82361293633623,0.109932065189416,0.727853028199207,0.781087017240205,1,1,7.05834530932461,0.764332620938856,0.76723761868661,0.122650709191322,0.705187881874246,0.732501269389103,1,1030,1063,103,167,137,1104.51818919471,340,313,"successful",2,1
314,4.36473715742653,2.43703022438873,0,0.687909923429507,0.00814441220516998,0.698349099582935,0.773092361892219,1,4.36473715742653,2.43703022438873,0.480838908617513,0.592310287677689,0.0546508867238906,0.678822458793819,0.732185994452872,1,1500,109,39,800,52,607.250808294087,122,122,"successful",2,1
315,4.36473715742653,2.43703022438873,0.534038693751591,0.513214762798094,0.11102877426543,0.800309252862183,0.619829378799504,1,4.36473715742653,2.43703022438873,0.413161893077607,0.659312346223464,0.115578850125387,0.729265592594053,0.696419980159054,1,1121,190,48,1104,37,635.561808250334,265,265,"parenting",2,1
316,4.36473715742653,2.43703022438873,0.596681398361337,0.782184100805616,0,0.690245803780219,0.667767629750137,1,4.36473715742653,2.43703022438873,0.276594980459938,0.468752825646167,0.0199034886076908,0.755365215240395,0.652921061436551,1,980,756,354,363,47,741.805229285969,184,184,"injuryChild",1,1
317,4.36473715742653,2.43703022438873,0.383233945138762,0.75299317998127,0.0435090204869121,0.763228276691621,0.716062581827639,1,4.36473715742653,2.43703022438873,0.580648726150375,0.843065713071491,0.0927569490861396,1,0.593764427226843,1,908,188,63,1293,48,627.470261476786,163,163,"successful",1,1
318,4.36473715742653,2.43703022438873,0.0163684907710305,0.699834017022753,0.0792767088690171,0.698389015040126,0.668234145180647,1,4.36473715742653,2.43703022438873,0.482229917639389,0.735275516629346,0.0915297944075384,1,0.585640565297505,1,1656,125,48,544,127,967.955034345556,391,318,"parenting",2,1
319,4.36473715742653,2.43703022438873,0.412239446137749,0.793550416682861,0.0219479533715699,0.887949730589639,0.740434387014117,1,1,7.05834530932461,0.891399978578966,0.419826338988188,0,0.676844380924783,0.712525630822383,1,2015,152,46,244,43,732.605233142959,47,47,"parenting",2,1
320,1,7.05834530932461,0.758325506780925,0.231954378415174,0.112387219161324,0.749257560367744,0.720929976377653,1,4.36473715742653,2.43703022438873,0,0.778239509916792,0,0.692462407296669,0.703785377367938,1,202,1334,35,885,44,1583.42932774293,185,185,"successful",2,1
321,4.36473715742653,2.43703022438873,0.403852161347223,0.648312815650813,0.0815848850361126,0.556249218558135,0.738151330246024,1,1,7.05834530932461,0.999524761363919,0.912153109354703,0.0696529116491376,0.733472104646835,0.587457848811284,1,228,120,46,1976,130,700.984330722566,298,298,"successful",2,1
322,1,7.05834530932461,0.804819909962807,0.61081179439516,0.0323758181701033,0.764244179881853,0.764028451706991,1,4.36473715742653,2.43703022438873,0.158401570759902,0.245781619003935,0.0295193566244176,0.65547108506269,0.712325138284747,1,678,700,44,1025,53,997.623879966884,463,322,"unsuccessful",2,1
323,4.36473715742653,2.43703022438873,0.125117585305053,0.644457371906013,0.0850198716657065,0.686699677351691,0.736162848534988,1,1,7.05834530932461,0.791237350338364,0.647156638762455,0,0.77498590296044,0.73862324890855,1,1960,55,46,389,50,857.201874836114,199,199,"parenting",2,1
324,4.36473715742653,2.43703022438873,0,0.579329452666088,0.00716088469070975,0.877098476107673,0.791926000319808,1,4.36473715742653,2.43703022438873,0.210994675458153,0.85469345216003,0.10178134596115,0.816452064688151,0.747908363598876,1,1126,123,38,1169,44,609.078086033533,56,56,"successful",2,1
325,1,7.05834530932461,0.971371121494341,0.705929558228276,0,0.707136944922683,0.692653267988711,1,1,7.05834530932461,0.851681921118118,0.529503104303663,0.0852521705618566,0.734113819301037,0.714219782633394,1,2029,320,36,65,50,719.329137370354,468,325,"parenting",2,1
326,1,7.05834530932461,0.915597681836586,0.940387315373034,0.048409092858462,0.674990139273428,0.74372155028882,1,4.36473715742653,2.43703022438873,0.505646592162667,0.481638940621455,0.0704038059507811,0.69085167425374,0.783433512041814,1,973,1262,48,175,42,1396.75812615035,118,118,"unsuccessful",2,1
327,4.36473715742653,2.43703022438873,0,0.713569114889666,0,0.703244182081959,0.658875134099533,1,4.42886595523644,2.46132167936904,0.113009296821478,0.558987791415118,0,0.725664480320168,0.657405806683053,1,1696,85,43,542,134,966.558859547765,389,327,"parenting",3,1
328,1,7.05834530932461,0.748922228438088,0.307935997006268,0.012843611518735,0.631981787267731,0.636769711805863,1,4.36473715742653,2.43703022438873,0.196105915065175,0.280701932212025,0.026078122890469,0.594909701741264,0.705654840635638,1,723,984,70,676,47,1582.88870757578,332,328,"parenting",2,1
329,4.42886595523644,2.46132167936904,0.200829853215264,0.610438733048139,0,0.702042061635651,0.678209661799691,1,1,7.05834530932461,0.73436086200447,0.645214452103061,0.0318298241388948,0.659499949171521,0.528796527525473,1,791,51,41,839,778,588.274665220343,312,312,"successful",3,1
330,1,7.05834530932461,0.884494083263545,0.841759584952975,0.142900077191805,0.710150657692424,0.658752240467613,1,1,7.05834530932461,0.949257989144846,0.869246228104705,0.05207378493887,0.684792635045079,0.643252168628108,1,751,1006,65,626,52,1160.68132272171,212,212,"successful",3,1
331,1,7.05834530932461,0.708229627994091,0.704500206121137,0.0198759389468253,0.736510066052075,0.690902436078125,1,4.36473715742653,2.43703022438873,0.308222355865849,0.535049745583326,0,0.752322721025354,0.787541976955121,1,2235,126,48,43,48,639.964655150141,434,331,"successful",2,1
332,4.36473715742653,2.43703022438873,0,0.586088683703219,0,0.660518291904664,0.77229292806015,1,1,7.05834530932461,0.770113168271073,0.666571149366449,0.0341244008673759,0.733410276181226,0.500608286729493,1,2013,124,52,248,63,739.146542138576,328,328,"parenting",2,1
333,4.36473715742653,2.43703022438873,0.545647844046817,0.555132964485369,0,0.959972778220431,0.641304385806624,1,1,7.05834530932461,0.717702225548564,0.724995453077034,0,0.776527132259489,0.615551938073197,1,932,298,45,1191,34,663.495026067194,436,333,"successful",2,1
334,1,7.05834530932461,0.711241790129457,0.483394433039425,0.0619619539337182,0.633267972936409,0.636608428831187,1,1,7.05834530932461,0.727767282332132,0.20183814693067,0,0.641462083725638,0.632150087017892,1,2149,178,74,45,54,637.68659434798,418,334,"parenting",2,1
335,4.36473715742653,2.43703022438873,0,0.735511938704857,0.00427823664195881,0.608293446638052,0.7466591165412,1,1,7.05834530932461,0.880783852452074,0.814944127008818,0.149333900567743,0.789579816026625,0.631898211569392,1,80,117,54,2195,54,615.211458616699,249,249,"successful",2,1
336,1,7.05834530932461,1,0.702658107207959,0,0.659716042656394,0.821920840855287,1,1,7.05834530932461,0.909936342369967,0.80878272117274,0.0711377379584611,0.706536395910203,0.612584031089366,1,858,733,46,813,50,984.241034449097,233,233,"parenting",2,1
337,1,7.05834530932461,0.8476260767703,0.614445928888831,0,0.794189240741401,0.745513843275688,1,1,7.05834530932461,0.732779792160708,0.21031259860512,0.0200759552154931,0.619483351832551,0.688485329733989,1,354,1406,32,303,405,1665.65980629944,119,119,"successful",2,1
338,1,7.05834530932461,0.781698910219819,0.827917825777767,0.0550374772758656,0.616136399052549,0.604490110552397,1,1,7.05834530932461,0.805590510686759,0.578126351365172,0.05964555386019,0.702065996234345,0.681819027664566,1,121,1436,48,824,71,1579.75320248111,465,338,"successful",2,1
339,4.36473715742653,2.43703022438873,0.511057519140933,0.481876859585623,0,0.681829950397116,0.634589505834331,1,1,7.05834530932461,0.721173916397276,0.806473108190017,0,0.830936625953563,0.593206573844881,1,1560,86,52,752,50,602.842162601549,76,76,"parenting",2,1
340,4.36473715742653,2.43703022438873,0.227518411770251,0.71463604013722,0,0.760043998772881,0.724620942612318,1,1,7.05834530932461,0.764982946419138,0.89499526682792,0,0.79621285165337,0.525881564460578,1,916,60,58,1411,55,754.591221670666,313,313,"successful",2,1
341,1,7.05834530932461,0.778432138924117,0.345784333812142,0,0.687824944960469,0.631259200840023,1,4.36473715742653,2.43703022438873,0.400375731672665,0.553956519302712,0.0598687580558598,0.830580466354074,0.76173058091434,1,2261,39,58,104,38,598.663043778571,354,341,"parenting",2,1
342,4.36473715742653,2.43703022438873,0.592977491982642,0.584865788621823,0.00793394252380996,0.893119108267984,0.656125311314596,1,1,7.05834530932461,0.736692411026797,0.584107038738758,0.082269687691072,0.694566770759258,0.519127995927678,1,42,169,67,2174,48,628.859752802192,155,155,"successful",1,1
343,1,7.05834530932461,0.929265063685197,0.758977719644454,0.0493776860195089,0.718989778149183,0.618513091714984,1,1,7.05834530932461,1,0.620055579342765,0.0149641474427948,0.678484675972697,0.726602811612586,1,1229,96,45,1085,45,616.54900886851,481,343,"parenting",2,1
344,4.36473715742653,2.43703022438873,0.687011990576546,0.650240250657661,0.11127992417173,0.758339286180961,0.774786115146836,1,1,7.05834530932461,0.573447414988868,0.732977016203029,0.0150220494966148,0.746573566044393,0.600421655813894,1,1180,42,37,1175,66,598.570353135217,240,240,"successful",2,1
345,1,7.05834530932461,0.72678335948376,0.23695155685607,0.0964167671978644,0.658573042188622,0.657587327452633,1,1,7.05834530932461,0.998816460091552,0.523903244523072,0.0445660014198652,0.704161543656137,0.722133744371831,1,1168,124,64,1104,40,631.257355057846,193,193,"successful",2,1
346,1,7.05834530932461,0.938865609743534,0.799107303693283,0.06505053343883,0.676212160059391,0.729052215011693,1,4.36473715742653,2.43703022438873,0.141379741871904,0.809394997902313,0.040146915677195,0.850609600232828,0.666992653358243,1,619,1038,53,697,93,1618.91119715873,302,302,"successful",2,1
347,1,7.05834530932461,0.984885723757315,0.861366388405178,0.101171527254081,0.683146923601509,0.720091598905671,1,4.36473715742653,2.43703022438873,0.398018180297352,0.563318151950901,0,0.775650385206971,0.742129613374797,1,448,1449,49,501,53,1583.70454159849,198,198,"unsuccessful",2,1
348,1,7.05834530932461,0.792773521545652,0.497325748605046,0,0.798628578036537,0.754018939339214,1,1,7.05834530932461,0.675992493115217,0.315660299710117,0,0.636795166937147,0.705109374800877,1,318,1237,353,536,56,1578.09048910135,364,348,"parenting",2,1
349,1,7.05834530932461,0.692656497247413,0.512674225309397,0.0231188127193595,0.630316287423643,0.695209546248061,1,4.36473715742653,2.43703022438873,0,0.418437434191253,0.0220389552691729,0.712036748614783,0.73386911854845,1,423,1314,40,524,199,1850.90794173608,484,349,"successful",2,1
350,1,7.05834530932461,0.816170913765405,0.150524124184676,0.0109002932457524,0.760236782050182,0.696498310982646,1,4.36473715742653,2.43703022438873,0.01919937271624,0.494352761546002,0.0412875586343432,0.702832388689724,0.672094013239418,1,518,1146,57,732,47,1340.88549815574,208,208,"parenting",2,1
351,1,7.05834530932461,0.962431733683543,0.859091431268511,0.122322473053445,0.79746561714125,0.631733345814291,1,4.36473715742653,2.43703022438873,0.206590878667865,0.790795583943443,0,0.812649558171111,0.701175470988008,1,290,1444,199,474,93,1664.91003258904,67,67,"successful",2,1
352,1,7.05834530932461,0.728298813254324,0.691141767192826,0,0.786389128253761,0.685164479749786,1,1,7.05834530932461,0.674015870781012,0.574262017928648,0.0901999297883284,0.73757125767732,0.634548376697488,1,2191,165,51,47,46,635.627921224698,227,227,"parenting",2,1
353,4.36473715742653,2.43703022438873,0.281518503160299,0.736468281752762,0,0.875526957064221,0.685664684247301,1,4.36473715742653,2.43703022438873,0.546489375371607,0.439292774753519,0,0.723968801612929,0.791171846889968,1,486,123,45,1802,44,609.699994495097,1,1,"successful",2,1
354,4.36473715742653,2.43703022438873,0.0447080463787376,0.652806165651161,0.0253765942006246,0.751542106478789,0.664939060974465,1,1,7.05834530932461,0.735497231287703,0.345510463509158,0.0350490576937912,0.654799304373311,0.701967864177645,1,2248,106,45,67,34,611.44306334235,341,341,"parenting",2,1
355,1,7.05834530932461,0.898951108203135,0.823661263325838,0.0375566958080827,0.667688626446194,0.766642266630297,1,1,7.05834530932461,0.833479176511034,0.750392918761107,0.141522571180069,0.71497764010281,0.697804132342581,1,1514,568,52,327,39,910.738791465673,11,11,"parenting",2,1
356,4.36473715742653,2.43703022438873,0.555426723669327,0.481671082495604,0.0143782673896104,0.737760202538666,0.786206163705118,1,1,7.05834530932461,0.989369294112314,0.910340185025015,0.02403873763025,0.657329870138165,0.737720245102615,1,263,144,46,2005,42,751.527791668236,433,356,"successful",2,1
357,1,7.05834530932461,0.941712687966778,0.59159270020456,0.00249432863681893,0.463259074368667,0.696030565552767,1,4.36473715742653,2.43703022438873,0.0644477667332527,0.621052706670833,0,0.754730521036759,0.703880053716633,1,350,1386,44,392,328,1139.9199140074,14,14,"injurySelf",1,1
358,1,7.05834530932461,0.749660302631917,0.606180657535408,0.0206929363284678,0.620544993127951,0.702469106690977,1,1,7.05834530932461,0.705502071073626,0.260547783237458,0,0.632125296447521,0.720183054577533,1,435,1576,86,295,108,1646.34081919704,374,358,"unsuccessful",2,1
359,1,7.05834530932461,0.8409589222785,0.561466919723863,0,0.681028343723086,0.657191259006813,1,4.36473715742653,2.43703022438873,0.0828137790330086,0.673575185989741,0,0.792124634927437,0.680139847428294,1,762,1023,48,392,275,1280.71394340617,140,140,"unsuccessful",2,1
360,1,7.05834530932461,0.825468165096661,0.584880800165094,0.0707579605916256,0.651421080695955,0.74323837295152,1,4.36473715742653,2.43703022438873,0.0247763530326931,0.695536005483031,0,0.772329261472956,0.809424260536527,1,247,1407,34,752,60,1986.31707266844,124,124,"injurySelf",2,1
361,1,7.05834530932461,0.734612554494859,0.679451122719142,0,0.701353498662589,0.675332626973416,1,1,7.05834530932461,0.975982893657046,0.588714575608201,0.0840782483180536,0.793757143818548,0.676216830897686,1,2179,154,43,72,52,639.844830970813,483,361,"parenting",2,1
362,4.36473715742653,2.43703022438873,0.696571235274432,0.85218469123285,0,0.637170911295433,0.731076682066194,1,4.36473715742653,2.43703022438873,0,0.661610784518137,0.102730130647884,0.753276552610537,0.778468896904039,1,663,68,52,1522,195,572.491290362722,397,362,"successful",2,1
363,1,7.05834530932461,0.892454101809703,0.900545813432974,0.109773745712927,0.642750775326805,0.60659475590699,1,4.36473715742653,2.43703022438873,0.0433290573653541,0.602687085747837,0.0699930979158035,0.829054020994247,0.790442603634463,1,1696,295,43,428,38,728.229480489759,459,363,"parenting",2,1
364,4.36473715742653,2.43703022438873,0.364180807736113,0.784324111998197,0.0236486042584697,0.64700533910498,0.659484641014477,1,1,7.05834530932461,0.655342174629171,0.767986061493606,0.0626254946480145,0.733792487543613,0.674929440325591,1,1022,259,51,763,405,680.508083519791,348,348,"successful",2,1
365,4.36473715742653,2.43703022438873,0.468301144301385,0.544089440479787,0.101603404141429,0.745810640970316,0.700909776883812,1,4.36473715742653,2.43703022438873,0.375740151162158,0.737648515075637,0.00895105391112418,0.619931974863653,0.754947196859978,1,2221,72,47,111,49,601.355714246879,109,109,"parenting",2,1
366,1,7.05834530932461,0.89416717426656,0.858743768911189,0.120730793619365,0.813493336050394,0.581615632150936,1,4.36473715742653,2.43703022438873,0,0.772723822012603,0.0209582820552073,0.646012255350727,0.700902171846457,1,2216,133,50,70,31,625.502344156513,385,366,"parenting",2,1
367,4.36473715742653,2.43703022438873,0.284003441754605,0.977226417737177,0,0.82982336061365,0.316508123934572,1,1,7.05834530932461,0.641939572035408,0.600280687772738,0.0427544772283628,0.811091561585083,0.50118881484177,1,1158,108,41,1146,47,606.541345553235,27,27,"successful",2,1
368,4.36473715742653,2.43703022438873,0.571762297227054,0.601602467522325,0.0681492548362227,0.69047393831726,0.698253812096727,1,1,7.05834530932461,0.940526391737315,0.45577954906321,0.0921852485297567,0.661707949865862,0.723309008852591,1,2023,77,58,162,180,608.164601042918,405,368,"parenting",2,1
369,1,7.05834530932461,0.692841492891951,0.584164401482182,0.00599755820794648,0.841696298165513,0.599860835360243,1,4.36473715742653,2.43703022438873,0.167891370355867,0.642918848587136,0,0.682541155162861,0.725578716347212,1,92,1330,60,91,927,1214.81655231386,248,248,"unsuccessful",2,1
370,4.36473715742653,2.43703022438873,0.478022959272125,0.507583988085099,0.116120061926092,0.717407125046229,0.656386361905312,1,4.36473715742653,2.43703022438873,0.398245872361999,0.821305139448696,0,0.630122818899399,0.754604312296391,1,420,78,58,1850,94,660.472782723669,399,370,"parenting",2,1
371,4.36473715742653,2.43703022438873,0.20562258870512,0.709278195988277,0,0.779662214681719,0.664433761858519,1,1,7.05834530932461,0.639048494753487,0.835350440918212,0,0.686145168049382,0.613543705438131,1,1999,60,42,291,108,780.004739839718,209,209,"parenting",3,1
372,1,7.05834530932461,0.83937293330837,0.814400069315076,0.134508897422157,0.658040833335233,0.596953373165267,1,4.36473715742653,2.43703022438873,0.0210053508329799,0.790584534535367,0.0111617796998239,0.68137991617535,0.693080961521541,1,941,1273,54,111,121,1483.9602115309,89,89,"unsuccessful",2,1
373,1,7.05834530932461,0.941450963251336,0.886736296818951,0,0.753762662905464,0.640744256236037,1,1,7.05834530932461,0.811993306966687,0.895504250534097,0.091962004024968,0.681947735600306,0.734823055618505,1,2334,37,45,46,38,598.23626625763,49,49,"parenting",2,1
374,4.36473715742653,2.43703022438873,0.547452644269968,0.599327656298221,0.0767645056251455,0.770845908880179,0.675017481335561,1,1,7.05834530932461,0.717055577623058,0.357113473058288,0,0.582336591295846,0.748708866310107,1,1001,42,54,1358,45,624.0677461777,358,358,"successful",2,1
375,1,7.05834530932461,0.760916821149596,0.847914497291279,0.132366376149723,0.764757219576296,0.678966171763555,1,4.36473715742653,2.43703022438873,0.405907254549744,0.611222384686747,0.0575255368115375,0.780591023814415,0.698625768228567,1,619,1107,54,663,57,1697.72704569312,171,171,"successful",2,1
376,1,7.05834530932461,0.714313881228753,0.302765164342543,0,0.68113359180247,0.795606045217276,1,4.36473715742653,2.43703022438873,0.332302677095079,0.478125521873825,0.032414953277017,0.640430314005798,0.680624189080875,1,228,1495,353,331,93,1555.19682897132,79,79,"successful",3,1
377,1,7.05834530932461,0.76400479339629,0.202867359683024,0.0257836224611411,0.653233155848439,0.748618788717133,1,4.36473715742653,2.43703022438873,0.492815981754564,0.716226248103297,0.0734453776510235,0.700521842654048,0.66844876132903,1,53,1375,281,516,275,1302.30147994541,462,377,"successful",3,1
378,4.36473715742653,2.43703022438873,0.37900445543626,0.569986047053968,0.0531367755841563,0.49339407389178,0.747606343726735,1,4.36473715742653,2.43703022438873,0.137396178149396,0.739851478901999,0.155974668607596,0.777804233669467,0.792157957045264,1,658,157,57,1557,71,1055.46083047459,231,231,"successful",2,1
379,4.36473715742653,2.43703022438873,0.0497195533612456,0.731730217540326,0,0.642210373864377,0.721686274586316,1,4.42886595523644,2.46132167936904,0.245823781879845,0.60511025708764,0,0.660758089893046,0.644507373290147,1,1098,232,62,1052,56,627.493468962135,194,194,"parenting",2,1
380,4.36473715742653,2.43703022438873,0.00464108584317863,0.426658416133818,0,0.779327076265498,0.629635153682653,1,1,7.05834530932461,0.7683930090168,0.268029396853923,0,0.72140196364145,0.838531136407725,1,1927,31,59,448,35,697.228136252267,179,179,"parenting",2,1
381,1,7.05834530932461,0.701970784640106,0.890380398256913,0,0.705574822079223,0.743152812776293,1,4.36473715742653,2.43703022438873,0.394827220324086,0.565253629825867,0,0.808614038321734,0.801606105410749,1,2037,129,57,235,42,623.567374283321,422,381,"parenting",2,1
382,4.36473715742653,2.43703022438873,0.00899860399873295,0.640763425044153,0,0.876754733266664,0.694954490589956,1,1,7.05834530932461,1,0.597168430016871,0,0.66908963195249,0.62969663572552,1,229,107,52,2031,81,740.680400176756,499,382,"successful",2,1
383,1,7.05834530932461,0.92652281328205,0.688880776133753,0.129833161785703,0.684708058049639,0.749007433247884,1,4.36473715742653,2.43703022438873,0.42114575772729,0.564683862632868,0.15427925820337,0.765886443102924,0.788732488891529,1,211,1503,45,627,114,1784.2681441568,406,383,"injurySelf",2,1
384,4.36473715742653,2.43703022438873,0,0.726802713891575,0.123250022434127,0.6504688000168,0.699022820184186,1,1,7.05834530932461,0.865377155273872,0.886789370320071,0.0756072663599468,0.641716754724754,0.799978291614519,1,1098,54,49,1244,55,597.058864351001,44,44,"parenting",2,1
385,4.36473715742653,2.43703022438873,0.437983752861087,0.725040460808288,0.0394939550715776,0.649031896678625,0.66246230949093,1,1,7.05834530932461,0.987373496676135,0.459934747631411,0.0564664727636618,0.65774027121403,0.717917881749498,1,59,104,54,2245,38,605.792616630577,366,366,"successful",2,1
386,1,7.05834530932461,0.790642095839792,0.908419832735028,0.082778136003692,0.686333787255789,0.591788791335713,1,4.36473715742653,2.43703022438873,0.0184487595046288,0.623403631710428,0,0.741885047710082,0.68006726286557,1,428,1241,45,726,60,1571.5737787163,17,17,"injurySelf",2,1
387,1,7.05834530932461,0.915456139609708,1,0.120303490818754,0.715794780495979,0.648534526738325,1,4.36473715742653,2.43703022438873,0.256624927902372,0.449974076517135,0.0321438460517961,0.857552389043996,0.727862705977846,1,343,1502,42,538,75,1657.32808520215,188,188,"unsuccessful",2,1
388,4.36473715742653,2.43703022438873,0.480346417746444,0.738079664888107,0.142261874040742,0.826460160375798,0.854911139134667,1,1,7.05834530932461,0.829526394211905,0.765638722536458,0,0.592009284289536,0.594937247135074,1,1117,96,48,1189,50,611.448929330884,83,83,"parenting",2,1
389,1,7.05834530932461,0.763445758247796,0.264370193916753,0.0100832462691444,0.71557232514445,0.689674036142447,1,4.36473715742653,2.43703022438873,0.352874632753819,0.545072984625834,0.0197444028422639,0.64241858485916,0.724876123531594,1,420,1226,177,631,46,1864.90154786761,327,327,"successful",3,1
390,1,7.05834530932461,0.858251921185894,0.350774704931278,0.113879143026011,0.729167910290757,0.699579051481376,1,4.36473715742653,2.43703022438873,0.442912467638623,0.458060796161895,0.0769774388387059,0.619426358687452,0.6192766590138,1,228,690,56,1431,95,979.778763370439,130,130,"successful",2,1
391,1,7.05834530932461,0.717277434030179,0.543501768037595,0.0267030318984893,0.673143914484617,0.695201589824051,1,1,7.05834530932461,0.805084991231896,0.739182924250065,0,0.729415086770235,0.808868134972757,1,81,1431,46,820,122,2046.2110890717,318,318,"unsuccessful",2,1
392,4.42886595523644,2.46132167936904,0,0.618488816562326,0,0.700053593035465,0.657633231517282,1,1,7.05834530932461,0.931144409817892,0.664978149508304,0.110300039007954,0.652381579172003,0.661006360023059,1,1165,107,52,1125,51,608.242387735685,217,217,"successful",2,1
393,4.36473715742653,2.43703022438873,0,0.720151018407067,0.0148890869833453,0.708957204237965,0.689611086656668,1,1,7.05834530932461,0.995307519599692,0.990141440189275,0.169458960982106,0.866739209877897,0.640185816050261,1,2179,190,40,38,53,628.64063553834,301,301,"parenting",2,1
394,1,7.05834530932461,0.898808629057898,0.948354812919108,0.214428804696903,0.674665696630708,0.714186266050911,1,4.36473715742653,2.43703022438873,0.460472048075571,0.400350754650217,0.0345003062151721,0.680401699119817,0.713211634209886,1,537,1129,55,737,42,1307.29912858419,158,158,"successful",2,1
395,1,7.05834530932461,0.755035520672107,0.665603766471739,0.0685042924260254,0.779991538937168,0.680129144195786,1,4.36473715742653,2.43703022438873,0.290961370566548,0.476177457761305,0.00994358212670385,0.654413291774006,0.708621506463931,1,2238,90,53,77,42,605.481230351584,41,41,"parenting",2,1
396,1,7.05834530932461,0.958505926902761,0.868601755496872,0.163080482024301,0.848768511628534,0.701008846544625,1,1,7.05834530932461,1,0.730652292902901,0.0681725242569091,0.729620325279421,0.743813636667031,1,88,1315,61,899,137,1163.60385930077,453,396,"injurySelf",2,1
397,1,7.05834530932461,0.766255415142658,0.727614258301058,0,0.67854182100472,0.515225140178096,1,4.36473715742653,2.43703022438873,0.331582402648751,1,0.0806599292139392,0.864045799082254,0.437567987728185,1,811,1440,49,153,47,1658.435213831,362,362,"unsuccessful",2,1
398,1,7.05834530932461,0.95340426510687,0.439859724036762,0.0948568834506523,0.769158245232528,0.738449294994759,1,1,7.05834530932461,0.971214859614785,0.700833447805463,0.104773060021079,0.749138162797302,0.705519310840307,1,2267,83,56,56,38,609.384088320021,449,398,"parenting",2,1
399,1,7.05834530932461,1,0.617699964348576,0.0226434846540326,0.667740981501329,0.740164377549748,1,4.36473715742653,2.43703022438873,0.0220536630785716,0.551756280976295,0.0506758670621481,0.758610424924943,0.72023082790906,1,845,1352,61,165,77,1510.9855762633,370,370,"parenting",2,1
400,4.36473715742653,2.43703022438873,0.316089076464305,0.708029158808276,0.0705252467739612,0.770516060995185,0.783119078089842,1,1,7.05834530932461,0.878476566774056,0.444732163146842,0.122831275248235,0.710208282648404,0.824932735025294,1,1807,118,60,262,253,725.450385846918,485,400,"parenting",2,1
401,4.36473715742653,2.43703022438873,0.00248433889020134,0.646599950442266,0,0.616381794366006,0.821334689093516,1,1,7.05834530932461,0.598005736533285,0.68839049976927,0.00143919086019739,0.696061863054311,0.651241596768407,1,120,305,43,1956,76,670.406442108055,427,401,"successful",2,1
402,1,7.05834530932461,1,0.747491898070807,0.107425871756079,0.810238828996136,0.699715918100883,1,1,7.05834530932461,1,0.719681663755674,0,0.699557103662582,0.657458106700581,1,2046,313,57,38,46,706.57077283596,456,402,"parenting",2,1
403,4.36473715742653,2.43703022438873,0.045208266063995,0.593421332003007,0.0629125208441664,0.808963714772218,0.697728735390982,1,1,7.05834530932461,0.807248619023194,0.574059613304003,0.0176435646688521,0.729371579487996,0.747033831821531,1,975,81,54,1334,56,606.315592543877,410,403,"parenting",2,1
404,1,7.05834530932461,0.604286878915099,0.479236708808546,0,0.694535715735927,0.572581917416966,1,4.36473715742653,2.43703022438873,0.0757138841649433,0.739302164996336,0.0828507441500088,0.82727908139457,0.774564008995472,1,135,1606,70,629,60,1040.96197299034,123,123,"successful",3,1
405,1,7.05834530932461,0.94837705193029,0.668654903543247,0.115820147318805,0.68756727570253,0.602692371830365,1,4.42886595523644,2.46132167936904,0.0909528056481342,0.523352189903461,0.0552899208129214,0.512827658069877,0.819499387411916,1,380,1111,100,856,53,1498.11205657188,368,368,"unsuccessful",2,1
406,4.36473715742653,2.43703022438873,0.331556180864937,0.800318391311591,0.0175213577333563,0.781465578862876,0.666822608873034,1,4.36473715742653,2.43703022438873,0.52968513778209,0.787145752070301,0.121102134508263,0.973541911570607,0.558723139357573,1,1358,168,46,872,56,666.478175446102,383,383,"parenting",2,1
407,1,7.05834530932461,0.84629863704114,0.406878526217765,0.0987754042904137,0.733650177632041,0.705166053245675,1,4.36473715742653,2.43703022438873,0.417429031349421,0.882241561991134,0.0506282772296968,0.896594025320365,0.705791274338333,1,1089,166,41,1157,47,649.782508702075,219,219,"successful",2,1
408,4.36473715742653,2.43703022438873,0.485477655326695,0.420128492030409,0.0244451077416779,0.785289780568961,0.702094866751445,1,1,7.05834530932461,0.912504723012598,0.826599177616955,0.23742811394737,0.729997359777464,0.598957138832179,1,78,72,49,2254,47,600.58126295907,136,136,"successful",2,1
409,1,7.05834530932461,0.715495971246163,0.857507952285836,0,0.755102039450398,0.642945743899552,1,4.36473715742653,2.43703022438873,0.483391044110209,0.601277981390229,0.15678201449246,0.738871402659795,0.741892800754258,1,2003,272,56,112,57,744.314274107428,114,114,"injurySelf",2,1
410,1,7.05834530932461,0.850855887206313,0.744109732792356,0.0856883540223521,0.676947117879184,0.646883398178016,1,1,7.05834530932461,0.878158370398562,0.952605986724747,0,0.696232689621397,0.816823582334,1,2237,60,46,105,52,595.257733871436,403,403,"parenting",2,1
411,1,7.05834530932461,1,0.555149371408052,0.0442022391992986,0.592358828406286,0.829871836489863,1,4.36473715742653,2.43703022438873,0.222514900032596,0.632286951966423,0.0893456914759306,0.763648245171501,0.797938644970918,1,47,1409,53,848,143,1860.9870613975,147,147,"successful",3,1
412,1,7.05834530932461,0.690201549505485,0.22033257273328,0,0.630800290059676,0.660862049594789,1,1,7.05834530932461,0.855612361357302,0.569603426166063,0.00919947234336974,0.764103888448507,0.719088892523378,1,579,1123,52,316,430,1203.32686334764,270,270,"unsuccessful",2,1
413,1,7.05834530932461,0.815290009289999,0.520710587283135,0.169073226658907,0.565549244233968,0.73945529747569,1,1,7.05834530932461,0.865964168290713,0.591726970809172,0,0.558467671132122,0.704508384818727,1,2245,48,62,97,48,598.135336470531,95,95,"parenting",2,1
414,1,7.05834530932461,0.610942312874129,0.8576054176404,0,0.670326619050144,0.676382967080831,1,4.36473715742653,2.43703022438873,0.679200932738778,0.718342135260785,0,0.741336329135362,0.568142354873568,1,891,1042,49,472,46,1313.19840041577,57,57,"parenting",2,1
415,1,7.05834530932461,0.872161216485012,0.602627996918164,0,0.758215931233043,0.683246716455687,1,4.42886595523644,2.46132167936904,0.164305915221802,0.52300795908815,0,0.662455751376364,0.729755576605394,1,1662,554,43,196,45,877.677906537584,138,138,"parenting",2,1
416,4.36473715742653,2.43703022438873,0.642686292356073,0.799860626354818,0.122776093683397,0.986616025873643,0.569714048643891,1,4.36473715742653,2.43703022438873,0.400325766577192,0.623673594003264,0.0223939811114093,0.719696176287206,0.71362336528393,1,868,394,49,794,395,1424.31151274458,444,416,"parenting",3,1
417,1,7.05834530932461,0.891898463335041,0.605901444921323,0.0280135082900107,0.592390954375576,0.697031962158607,1,1,7.05834530932461,0.732461542922767,0.685999125377225,0.0451234770522912,0.727560379103025,0.768480325719316,1,2080,247,46,81,46,687.63748238421,310,310,"parenting",2,1
418,4.36473715742653,2.43703022438873,0.0488429798250291,0.608131267330901,0.0105900874337016,0.660023497913354,0.792069785383127,1,1,7.05834530932461,0.946751567507951,0.689312828106644,0,0.740142111946987,0.72666082317858,1,2305,45,46,46,58,597.197592756664,334,334,"parenting",2,1
419,1,7.05834530932461,0.864906432345226,0.818239551562574,0.176597375284098,0.709794230805422,0.673709355916642,1,4.36473715742653,2.43703022438873,0,0.724553047413772,0.0196270699657118,0.605571708744828,0.732396941327226,1,478,876,42,959,145,1342.89695098345,430,419,"parenting",2,1
420,1,7.05834530932461,1,0.665921999975725,0,0.615503515170273,0.62958937666625,1,4.36473715742653,2.43703022438873,0.626572967038916,0.808683839109292,0,0.656932286229144,0.820570129962818,1,73,1168,55,1152,52,1279.25732934688,202,202,"successful",2,1
421,1,7.05834530932461,0.932066051343858,0.415818385848367,0.0136280872188221,0.724631079167948,0.66574828824526,1,4.36473715742653,2.43703022438873,0.106112237324722,0.686890536376758,0,0.685584765809659,0.725739221779861,1,2111,217,36,78,58,693.30887258795,181,181,"parenting",2,1
422,4.42886595523644,2.46132167936904,0.207172090217252,0.581024363574366,0.173618601763062,0.530008882235045,0.705097568102294,1,1,7.05834530932461,0.7584697907996,0.707861610501046,0.0515278882628044,0.78305411764436,0.6790020701184,1,1141,97,43,1179,40,610.893774133039,381,381,"successful",2,1
423,1,7.05834530932461,0.924356684987236,0.68594957697192,0,0.55537584862703,0.745471119431571,1,4.36473715742653,2.43703022438873,0.732519094502919,0.592794325872985,0,0.655804847014004,0.754784243287723,1,858,1237,51,234,120,1209.49726426917,244,244,"unsuccessful",2,1
424,4.36473715742653,2.43703022438873,0.084558916567289,0.558590065897148,0.0491054529019333,0.795354181233456,0.73870761325469,1,1,7.05834530932461,0.784705202086061,0.693718429379254,0,0.701593844647616,0.619921579984033,1,883,157,218,940,302,820.944811523581,78,78,"successful",2,1
425,4.36473715742653,2.43703022438873,0.360054993747161,0.664093066412816,0.0735942287048768,0.77525492636026,0.639869543188238,1,1,7.05834530932461,0.936990766475072,0.71755246171633,0.108630311570447,0.65912344507519,0.516529197759031,1,1980,158,41,264,57,670.658469796188,247,247,"parenting",2,1
426,4.36473715742653,2.43703022438873,0.32682466245819,0.624035006094124,0.0205322775035846,0.743454799470507,0.688887704157254,1,1,7.05834530932461,0.803713606348909,0.586561732276966,0.0438133510618011,0.756664689048003,0.635902557972535,1,1194,43,46,1164,53,596.50769540921,205,205,"parenting",2,1
427,1,7.05834530932461,1,0.598971921704414,0.0964708071494581,0.747241438562968,0.672541206193276,1,4.36473715742653,2.43703022438873,0.373064660330825,0.639202633414543,0,0.756293125880533,0.751011422047595,1,2296,57,52,53,42,594.696278596557,401,401,"parenting",2,1
428,4.36473715742653,2.43703022438873,0.366444560514862,0.686858749718998,0.0772601864341434,0.704962327735735,0.606194246525693,1,4.36473715742653,2.43703022438873,0.498495384288012,0.47985143589214,0.07723157839874,0.778391504237119,0.67171978126109,1,2249,66,37,102,46,602.725476189214,9,9,"parenting",2,1
429,4.36473715742653,2.43703022438873,0.44353261330832,0.769155170440684,0,0.586913696454402,0.624403668203154,1,4.36473715742653,2.43703022438873,0.159247352423353,0.775846762271439,0.061675155770178,0.801660436886099,0.807629969405434,1,1031,43,62,1318,46,597.699221574127,457,429,"parenting",2,1
430,4.36473715742653,2.43703022438873,0.640606059853575,0.657823456605453,0,0.773286799834147,0.703925214386329,1,4.36473715742653,2.43703022438873,0.252646243559767,0.862532614642965,0.202941360716045,0.926187341689874,0.644778480507257,1,394,172,54,1803,77,818.978248990879,419,419,"parenting",2,1
431,1,7.05834530932461,0.742985790181413,0.23497090390259,0,0.751251928556146,0.748382700076631,1,1,7.05834530932461,0.766830771657784,0.538677281751023,0,0.680546862556146,0.730675616473263,1,439,1206,57,745,53,1457.15553657368,30,30,"unsuccessful",2,1
432,1,7.05834530932461,0.933140574737566,0.996801674794067,0.123256081003695,0.717270622848745,0.686473792622833,1,4.36473715742653,2.43703022438873,0.330253890599077,0.413215476484194,0,0.771369219782688,0.720716685394484,1,2050,280,42,75,53,728.061678768048,461,432,"parenting",2,1
433,1,7.05834530932461,0.810199066379567,0.646527133690975,0,0.728868608009855,0.645044558015403,1,1,7.05834530932461,0.69104866433249,0.448387891412437,0.00834645555152091,0.550157235054939,0.619968683334604,1,534,905,77,801,183,1286.81141991738,356,356,"unsuccessful",2,1
434,4.36473715742653,2.43703022438873,0.459278470264286,0.86724758256396,0.0586856693358112,0.844161845308138,0.640419740476822,1,4.36473715742653,2.43703022438873,0.267494761342017,0.827832852953488,0.0455431565767809,0.860673809120694,0.586477601670763,1,816,92,41,1507,44,604.529263528111,331,331,"parenting",2,1
435,4.36473715742653,2.43703022438873,0.427443540857605,0.725093372512344,0.015989495500608,0.650259636233874,0.704124196393049,1,1,7.05834530932461,0.938813104434202,0.403743084593115,0.107499543706519,0.583810798582558,0.74470921141,1,1693,110,46,602,49,609.562817807595,251,251,"parenting",2,1
436,1,7.05834530932461,0.91349602401462,0.323355856108596,0.208205459930636,0.704057914149895,0.683589513828134,1,4.36473715742653,2.43703022438873,0.434484593636073,0.579638507204426,0.174835746948382,0.74691903287416,0.721263249694866,1,2218,76,69,97,40,598.78389563199,333,333,"parenting",2,1
437,4.36473715742653,2.43703022438873,0.307845998090999,0.495549820658614,0.119937249794082,0.806093719264736,0.68276984577524,1,4.36473715742653,2.43703022438873,0.504372774231291,0.812484968603516,0.200217825077577,1,0.638544515435194,1,1110,225,30,684,451,659.428055917206,454,437,"parenting",2,1
438,1,7.05834530932461,0.984118481414633,0.810618574023876,0.118767888717005,0.624091472700153,0.714659435336654,1,4.36473715742653,2.43703022438873,0.419093417444551,0.628969410912627,0,0.790606272180559,0.651845440301871,1,627,1129,43,657,44,1491.19378109968,458,438,"unsuccessful",2,1
439,1,7.05834530932461,0.921375351030135,0.433792142339227,0.121819377190556,0.553742023330604,0.666429707780018,1,4.36473715742653,2.43703022438873,0.710379185928937,0.901259557767508,0,0.765489512531525,0.667798347758437,1,1094,725,37,592,52,968.523197987992,42,42,"successful",2,1
440,1,7.05834530932461,0.856079328760877,0.380311283967455,0.0867477801001967,0.593987409511641,0.735135688729247,1,4.36473715742653,2.43703022438873,0.334671662043534,0.649369974252412,0.179728136465722,0.855919322193937,0.735778220322786,1,133,1275,38,1011,43,1446.12147924169,29,29,"successful",2,1
441,1,7.05834530932461,0.812173584250704,0.836650519668198,0.157675323444382,0.746944259098778,0.697854061417143,1,4.36473715742653,2.43703022438873,0.563047501033824,0.645884712113121,0.0224418788083575,0.683525851782514,0.784264688393788,1,2151,128,62,112,47,616.209571751459,305,305,"parenting",2,1
442,1,7.05834530932461,0.826952784428139,0.600063852501936,0.0161463348877239,0.771754069113427,0.647085471162085,1,1,7.05834530932461,0.78387763824014,0.279028650064775,0.0334339025548704,0.667759406848962,0.654060766845204,1,744,849,50,822,35,1266.65673865078,154,154,"parenting",2,1
443,4.42886595523644,2.46132167936904,0.194607113094784,0.701896104500511,0.0671094069071985,0.49178302086434,0.652009856823679,1,4.36473715742653,2.43703022438873,0.443432613467306,0.742135452308449,0.188103357798265,0.987516353363568,0.555009616370912,1,47,625,110,1662,56,722.343232048915,498,443,"injuryChild",2,1
444,1,7.05834530932461,1,0.683009683381305,0.0346799987043505,0.712795324462115,0.573877575122966,1,4.36473715742653,2.43703022438873,0.465980539582713,0.680196782013272,0.155836827765732,0.716697244327754,0.705540884668416,1,313,1479,227,320,161,821.542906775193,416,416,"unsuccessful",3,1
445,1,7.05834530932461,0.842938885292184,0.728864218141961,0.09796089479745,0.63765087674097,0.627602371027994,1,4.36473715742653,2.43703022438873,0.565972424160862,0.733028726917072,0,0.719771788298346,0.817711197077767,1,1688,500,41,223,48,936.498808993948,455,445,"parenting",2,1
446,4.36473715742653,2.43703022438873,0.419296762220124,0.803392917859229,0,0.63716757139465,0.781893411658487,1,1,7.05834530932461,0.900845702253086,0.61575226924969,0.0871073597519931,0.382924913478716,0.743512196786275,1,1158,65,59,1165,53,596.544418247619,252,252,"parenting",2,1
447,4.36473715742653,2.43703022438873,0.372972396551219,0.554147090810048,0.0769169588463021,0.81037738795577,0.712586922730274,1,4.36473715742653,2.43703022438873,0.239266263982591,0.785667184271142,0,0.836783481363543,0.727417542467339,1,1048,70,44,1287,51,600.537658774536,473,447,"successful",2,1
448,1,7.05834530932461,0.767391423443387,0.572441560217011,0,0.777086306800793,0.693022033684915,1,1,7.05834530932461,0.786147089469009,0.55530008406478,0,0.780242710281372,0.629372471220909,1,396,1294,173,589,48,1459.31572105762,290,290,"successful",1,1
449,4.36473715742653,2.43703022438873,0.65168008098927,0.648824198226793,0,0.639431979006339,0.660376555841547,1,1,7.05834530932461,0.94617137202094,0.778002419265599,0,0.627626345077293,0.687151319585997,1,1579,308,51,487,75,658.531755092235,398,398,"parenting",2,1
450,4.36473715742653,2.43703022438873,0.464211593668356,0.612360282439652,0.111762845489333,0.624217113981272,0.694632300894414,1,4.36473715742653,2.43703022438873,0.410432249139001,0.823764191729578,0.0351643683876934,0.677144576991119,0.684674654558612,1,1102,176,170,1007,45,660.032276725274,125,125,"parenting",2,1
451,4.36473715742653,2.43703022438873,0.178680261399414,0.71207967138482,0.100422824222034,0.774911021260451,0.838653235623208,1,4.36473715742653,2.43703022438873,0.335568009010749,0.557085540835981,0.0944702810955557,0.753610307410518,0.761828124891241,1,1354,45,53,947,101,716.71746593462,132,132,"successful",1,1
452,1,7.05834530932461,0.890714231266716,0.873372127637411,0,0.668073354351351,0.667967672349006,1,1,7.05834530932461,0.832811392010413,0.793087535426642,0.180108991550962,0.674566980374972,0.714654679392875,1,106,947,50,1297,100,1198.87674903981,99,99,"unsuccessful",2,1
453,4.36473715742653,2.43703022438873,0.407627192614488,0.48047981217435,0.0310586768416316,0.680940891147812,0.733076389555181,1,1,7.05834530932461,0.597325813863417,0.582474204552851,0.0359386329833455,0.638823149581592,0.653166797804431,1,1099,56,128,1162,55,1052.30313648111,396,396,"successful",2,1
454,1,7.05834530932461,0.765609419539886,0.373340896452226,0,0.704054261704855,0.63963745608425,1,4.36473715742653,2.43703022438873,0.462177594354558,0.555185812596776,0.116926146035378,0.746199340010826,0.735708078896819,1,271,1376,112,659,82,1836.47322723056,437,437,"parenting",2,1
455,4.36473715742653,2.43703022438873,0.176459467234523,0.838457880064493,0.126064403703506,0.930222594413011,0.558389024217628,1,4.36473715742653,2.43703022438873,0.616615409885283,0.571318194742812,0.0976786130825657,0.840939775222407,0.720916650637096,1,2097,53,53,120,177,609.646274089703,445,445,"parenting",2,1
456,4.36473715742653,2.43703022438873,0.370014402845323,0.15631994065786,0.0283290897171192,0.647020194162261,0.624626445433085,1,4.36473715742653,2.43703022438873,0.0756428754139067,0.68607473678639,0.0688160133081303,0.768625094126726,0.77520545493582,1,1200,41,60,1163,36,596.80037891595,402,402,"parenting",2,1
457,1,7.05834530932461,0.880454016608908,0.44043767508146,0.113922981355045,0.658219079921719,0.697092581394329,1,4.36473715742653,2.43703022438873,0.564520883712164,0.672848366258863,0.0920346057285297,0.771100936349984,0.637728791364867,1,405,1496,222,324,53,1562.97721344496,429,429,"injurySelf",2,1
458,4.36473715742653,2.43703022438873,0.279220872723083,0.882214538016698,0.0169866380924095,0.842842396617662,0.466215642464011,1,1,7.05834530932461,0.716747967569991,0.664109833891899,0.00886204899170778,0.827839686269671,0.739961010418572,1,2076,42,49,290,43,788.864165264858,438,438,"parenting",2,1
459,4.36473715742653,2.43703022438873,0.568468317280288,0.497764534885361,0.12416571872438,0.705535051577201,0.702607803653274,1,1,7.05834530932461,0.752453401571535,0.276183970975936,0.0608457811912728,0.57627623350292,0.642248384033904,1,2230,72,44,107,47,597.811915577148,363,363,"parenting",2,1
460,1,7.05834530932461,0.777224716609448,0.269283042567866,0.0794320677345345,0.617138477636405,0.663312253241722,1,1,7.05834530932461,0.906225835471078,0.636999046257208,0,0.598287530993234,0.665708170410131,1,229,1568,51,583,69,1974.01867276399,486,460,"successful",1,1
461,4.36473715742653,2.43703022438873,0.334869447789515,0.60410945517238,0,0.80016629472299,0.757874077220288,1,1,7.05834530932461,0.98955957091511,0.74490805958603,0.120116780148821,0.781987501309162,0.571639019580617,1,693,118,46,1592,51,616.150176728465,432,432,"parenting",2,1
462,4.36473715742653,2.43703022438873,0.271082213283433,0.725996815421491,0,0.669238639532248,0.659145232569744,1,4.36473715742653,2.43703022438873,0.192989365469755,0.747595650448487,0.065556566157967,0.892113375339506,0.766955313036241,1,1346,70,46,765,273,875.744776349162,377,377,"parenting",3,1
463,4.36473715742653,2.43703022438873,0.417018394634542,0.540931223661401,0.0449916978454661,0.73596384237917,0.578636213513956,1,1,7.05834530932461,0.783361153473953,0.302909731942318,0,0.639660313057025,0.757780221197654,1,173,67,37,2172,51,603.7922686,322,322,"parenting",2,1
464,1,7.05834530932461,0.935557473325574,0.42000424685092,0.107946197505868,0.745828866400296,0.698686904764269,1,4.36473715742653,2.43703022438873,0.691977271150853,0.579281151040643,0.0256299236228084,0.809649696814312,0.705939210647472,1,188,1188,76,929,119,1541.45508875463,288,288,"successful",2,1
465,4.36473715742653,2.43703022438873,0,0.692464467178239,0.0386287408808941,0.702814733494734,0.791371601377655,1,1,7.05834530932461,0.816214366245064,0.818531000674947,0.0306431413178016,0.730612538743672,0.720290562704774,1,1203,63,107,1056,71,589.943024883018,338,338,"successful",2,1
466,1,7.05834530932461,0.882874319941222,0.595401934435249,0,0.711278777740932,0.630459848554364,1,1,7.05834530932461,0.592261066029988,0.649934875171761,0.02059345589168,0.793479582437292,0.71188518474357,1,2261,58,38,100,43,597.889949642988,187,187,"parenting",2,1
467,1,7.05834530932461,0.646735994196867,0.350372341623096,0,0.621700643572421,0.719129696278133,1,4.36473715742653,2.43703022438873,0.437982334712412,0.47126847580787,0.161197158376859,0.611503032232291,0.667252093928817,1,103,1405,60,888,44,1550.24751875452,274,274,"unsuccessful",2,1
468,4.36473715742653,2.43703022438873,0.363434998543845,0.393638149078935,0.081765330766052,0.751409450788745,0.645367620136535,1,1,7.05834530932461,0.88244478072363,0.387752340504287,0.0741597507250805,0.612385413760072,0.766481722276827,1,775,641,44,990,50,786.53332059076,325,325,"successful",2,1
469,4.36473715742653,2.43703022438873,0.300874512728468,0.163134979239874,0,0.691736603118651,0.634491609168568,1,1,7.05834530932461,0.656149622038035,0.825497715096637,0.0685277911093178,0.666776583468711,0.621023253607301,1,1738,39,57,466,200,886.724770395268,259,259,"parenting",2,1
470,1,7.05834530932461,0.677339657025792,0.961649349004086,0.012039560490761,0.808838117705177,0.4892834102222,1,1,7.05834530932461,0.965467687468621,0.814341807850298,0,0.694733051126703,0.636601025752978,1,100,1337,45,110,908,1337.57362056362,45,45,"successful",3,1
471,1,7.05834530932461,0.653408608968474,0.493139891764539,0.0113993309729378,0.727415538803474,0.57383941530221,1,4.36473715742653,2.43703022438873,0.0622606035654519,0.706128508474754,0.00320477741274212,0.800500718727651,0.744543473644554,1,2319,34,47,39,61,596.443851085078,18,18,"parenting",2,1
472,4.36473715742653,2.43703022438873,0.435897822327141,0.921773778065001,0.101367809191052,0.851679928827333,0.529498168039064,1,4.36473715742653,2.43703022438873,0.241290938509243,0.888101922849178,0.157974307255856,0.929173366740062,0.547650882956122,1,386,87,51,1917,59,605.498418495383,173,173,"successful",2,1
473,1,7.05834530932461,0.685249240441641,0.735818683498233,0.0412412940298693,0.67338645572542,0.522866280549047,1,1,7.05834530932461,1,0.699568498496641,0,0.676972244383795,0.646878279831088,1,653,1066,46,689,46,1208.04481905837,447,447,"successful",2,1
474,4.36473715742653,2.43703022438873,0,0.57000846523403,0,0.870734810756672,0.855210964952525,1,4.36473715742653,2.43703022438873,0.118842832899639,0.94667727991394,0.144645391488135,0.87756753045114,0.789003895898609,1,101,125,34,2199,41,612.608107954161,61,61,"successful",2,1
475,1,7.05834530932461,0.647906445888465,0.812755245128225,0,0.784176931323204,0.65793388890681,1,1,7.05834530932461,1,0.780347545775687,0,0.696011592665232,0.714162100097965,1,345,1150,59,281,665,1318.98594757341,170,170,"successful",3,1
476,1,7.05834530932461,0.994326730499458,0.797880117369549,0.073848934862669,0.717107430284776,0.820464662600326,1,4.36473715742653,2.43703022438873,0.12285835847403,0.708908500460966,0.0312411478559432,0.663813843774443,0.614715544833303,1,2189,206,35,34,36,662.278476611038,21,21,"unsuccessful",2,1
477,4.36473715742653,2.43703022438873,0.0262214453191226,0.794567422184432,0,0.702629830458468,0.62907803529757,1,4.42886595523644,2.46132167936904,0.108264126238986,0.599158496378557,0,0.676886970695128,0.666197783633215,1,2172,48,52,167,61,686.273490415676,239,239,"parenting",2,1
478,4.36473715742653,2.43703022438873,0.373024766839265,0.597954569318361,0.0748388529680985,0.845521700993273,0.708397581079775,1,4.36473715742653,2.43703022438873,0.521073914977039,0.720154215724815,0.218077057253115,0.937484005890885,0.604988655120554,1,2291,75,36,38,60,604.502528164458,228,228,"parenting",2,1
479,4.36473715742653,2.43703022438873,0,0.593586866989338,0.0270433754436225,0.795717590734337,0.727285577988869,1,4.36473715742653,2.43703022438873,0.162887584565187,0.75204994409524,0.0761995248270396,0.82737578940471,0.778643769105511,1,1785,51,45,539,80,938.585372176522,102,102,"successful",2,1
480,4.36473715742653,2.43703022438873,0.259680575632762,0.7439381087586,0.0160615329453844,0.703057132493842,0.725581975438439,1,4.36473715742653,2.43703022438873,0.438026959242733,0.583022784626435,0,0.750975479998443,0.758469175962819,1,1782,88,42,529,59,938.464268021134,261,261,"parenting",3,1
481,4.36473715742653,2.43703022438873,0.330231736219557,0.807721185458067,0.0577904027631252,0.817536560511968,0.830750789351255,1,1,7.05834530932461,0.807956465351994,0.609785022995027,0.104900112502741,0.684884966109996,0.611174948758254,1,1150,136,74,1099,41,604.214368926758,343,343,"successful",2,1
482,4.36473715742653,2.43703022438873,0.289704765615881,0.434315594410242,0.141029132032275,0.665551044944044,0.708597465600316,1,1,7.05834530932461,0.913593109758005,0.352899979710166,0.0591748958381461,0.601032997917713,0.785731735671274,1,302,264,67,1817,50,797.412691735103,82,82,"successful",2,1
483,4.36473715742653,2.43703022438873,0.333653452538215,0.813468367866576,0.0078034795495689,0.704158981483816,0.681556016765322,1,1,7.05834530932461,0.6269022258894,0.481543529209507,0.12627028209312,0.773684356339234,0.598569816017072,1,2239,114,55,43,49,609.434540795282,361,361,"parenting",2,1
484,4.36473715742653,2.43703022438873,0.258771099823421,0.501374940916802,0.0236251127423954,0.968299483581675,0.763511455614269,1,4.36473715742653,2.43703022438873,0.644439495995916,0.729550114278226,0.146048591606612,1,0.596547843988987,1,1076,370,73,893,88,629.795271298086,349,349,"successful",2,1
485,1,7.05834530932461,0.721152815616234,0.552499731186249,0,0.859459268932832,0.600935187392002,1,4.36473715742653,2.43703022438873,0.336631154245942,0.980172665517451,0.0475498897202051,0.855038102131284,0.384243671054748,1,1442,644,100,261,53,1100.55998133868,400,400,"parenting",2,1
486,4.42886595523644,2.46132167936904,0.102602771438878,0.571714869790979,0.0654932625134426,0.496436802968113,0.767225543106759,1,1,7.05834530932461,0.954684326066237,0.740331235335474,0.13953147221641,0.698054357888537,0.611912117155774,1,1319,79,52,989,61,872.328823426447,460,460,"successful",1,1
487,4.36473715742653,2.43703022438873,0.541726342222556,0.427349592003862,0.133668529301575,0.719397891263767,0.887343404144561,1,4.36473715742653,2.43703022438873,0.298841217287066,0.807085755789162,0.17097703735658,0.972272610064964,0.53614157979375,1,1200,52,42,1157,49,601.057501949844,222,222,"parenting",2,1
488,4.42886595523644,2.46132167936904,0.0849519362232274,0.769507382369822,0.00423952849887256,0.537161684542795,0.707250711379932,1,4.36473715742653,2.43703022438873,0.0929701933265905,0.941626504657543,0.0458786903917656,0.783935961041197,0.717784167223454,1,777,192,87,1393,51,659.115018979847,117,117,"successful",2,1
489,1,7.05834530932461,0.73201381573537,0.364466661622206,0,0.693097004856578,0.623538768421785,1,4.36473715742653,2.43703022438873,0.577848800966547,0.564665037639952,0.0697397727905176,0.685128921777104,0.777394981578216,1,382,458,46,1566,48,955.236315418031,34,34,"successful",2,1
490,4.36473715742653,2.43703022438873,0.443501985024261,0.590298371371352,0,0.818820090036198,0.631225811240969,1,4.36473715742653,2.43703022438873,0.654590603864472,0.695434736960085,0.0929808169307586,1,0.555232812694704,1,1899,46,48,305,202,745.686460982442,182,182,"successful",2,1
491,4.36473715742653,2.43703022438873,0.0465104089111287,0.756884720618373,0,0.738154708982485,0.716884221614451,1,1,7.05834530932461,1,0.788205524093679,0.111825339230324,0.65238061415246,0.762652335921495,1,2145,113,46,148,48,687.356093068355,273,273,"parenting",2,1
492,1,7.05834530932461,0.683961437501222,0.683477129448769,0,0.663952129084698,0.678961483437321,1,4.36473715742653,2.43703022438873,0.413917184423218,0.718828601847978,0.0456214462761618,0.66168871167402,0.700517762747569,1,380,1348,48,395,329,1476.81315967845,235,235,"unsuccessful",2,1
493,1,7.05834530932461,0.951600123886889,0.412716547826863,0,0.72812534770059,0.694737701539112,1,4.36473715742653,2.43703022438873,0.119202118569932,0.622717970332986,0.0159981626389963,0.709674022623022,0.754758949710825,1,1273,978,35,159,55,1189.05128079656,224,224,"unsuccessful",2,1
494,4.36473715742653,2.43703022438873,0.539417884637591,0.724427966805719,0.13820228548501,0.991155203067266,0.592242392428559,1,4.36473715742653,2.43703022438873,0.345362599366281,0.462662758738298,0.141428856245736,0.788419952769813,0.764554693948184,1,599,110,55,1686,50,598.706070677469,254,254,"successful",2,1
495,4.36473715742653,2.43703022438873,0.483933995206843,0.508354658862851,0.0841631178878161,0.753275077300985,0.847302558197757,1,4.36473715742653,2.43703022438873,0.134057106069832,0.659344728560621,0.0737259938930225,0.856988178652787,0.667674989171406,1,1167,75,44,1160,54,601.203945129478,192,192,"successful",2,1
496,4.42886595523644,2.46132167936904,0.0518913368758229,0.799984417445989,0.125370593040532,0.625660850867326,0.760378493964078,1,1,7.05834530932461,0.881119267743347,0.555410461313703,0,0.769295942328701,0.655990343307852,1,929,91,48,1351,81,886.580477080374,220,220,"successful",2,1
497,4.36473715742653,2.43703022438873,0.483434712843575,0.41564196092743,0.0828873339519332,0.685865073402003,0.704645119445801,1,1,7.05834530932461,0.725534523110956,0.261700770627539,0,0.607983584640024,0.768375092671707,1,1060,53,55,1267,65,1066.04433281378,283,283,"successful",1,1
498,1,7.05834530932461,0.559318833072091,0.511432044439436,0,0.712608866188841,0.668168621294628,1,4.36473715742653,2.43703022438873,0.591932195766788,0.717570691736247,0.0105407397916329,0.607279806659931,0.667025693765779,1,2044,233,36,102,85,680.247308124218,443,443,"parenting",2,1
499,1,7.05834530932461,0.863921376283381,0.791527059507793,0.0712110187430356,0.705177549323543,0.680151011295992,1,4.36473715742653,2.43703022438873,0.642137849016281,0.616654861142711,0,0.719124394476705,0.65088331890472,1,686,979,122,486,227,1583.40188636397,382,382,"unsuccessful",2,1
500,4.36473715742653,2.43703022438873,0.402400088833449,0.428799814117659,0,0.713140909256173,0.636314400554653,1,4.36473715742653,2.43703022438873,0.537092256033512,0.818673166651352,0.140382641983259,1,0.505692894020168,1,41,109,58,2227,65,605.504187761353,214,214,"successful",2,1
